true_modulation,pred_modulation,modulation_confidence,true_snr_db,pred_snr_db,true_cfo_hz,pred_cfo_hz,true_symbol_rate_hz,pred_symbol_rate_hz
BPSK,BPSK,0.8675660490989685,-10.0,-10.0,-1926.391117947383,636.7385716851087,50000.0,50000.0
BPSK,BPSK,0.29229679703712463,-10.0,-9.833333333333334,-196.38959313908936,-59.4381893331535,50000.0,50000.0
BPSK,BPSK,0.6405119299888611,-10.0,-9.95,-776.9968373517117,24.59234458753815,50000.0,76923.07692307692
BPSK,BPSK,0.895415723323822,-10.0,-9.966666666666667,1743.1094751195906,-109.42718247491518,50000.0,100000.0
BPSK,8PSK,0.2597838044166565,-10.0,-9.866666666666667,2430.863020063043,344.8286019214128,50000.0,50000.0
BPSK,BPSK,0.6541478633880615,-10.0,-10.0,916.7088161107918,85.84677221388094,76923.07692307692,76923.07692307692
BPSK,BPSK,0.256835013628006,-10.0,-9.966666666666667,-1210.1833958665843,-560.1406546192034,76923.07692307692,100000.0
BPSK,8PSK,0.2240961194038391,-10.0,-9.866666666666667,2519.100963223669,23.911334714674123,76923.07692307692,76923.07692307692
BPSK,BPSK,0.551266610622406,-10.0,-9.883333333333333,815.224824867908,-51.45147327936291,76923.07692307692,50000.0
BPSK,BPSK,0.7388973236083984,-10.0,-9.216666666666667,90.92217793411055,271.6171403520666,76923.07692307692,76923.07692307692
BPSK,BPSK,0.8160489797592163,-10.0,-9.95,1955.3715502534196,392.1482887198823,100000.0,76923.07692307692
BPSK,BPSK,0.9442675113677979,-10.0,-9.916666666666666,-967.1252801174289,12.84183693815024,100000.0,142857.14285714287
BPSK,BPSK,0.6522483825683594,-10.0,-9.85,-1332.6047069990457,245.9843918921615,100000.0,76923.07692307692
BPSK,BPSK,0.5041456818580627,-10.0,-9.733333333333333,154.90106007149006,91.36853505817277,100000.0,100000.0
BPSK,QPSK,0.43474531173706055,-10.0,-9.966666666666667,-414.52763589341157,118.43872998563931,100000.0,76923.07692307692
BPSK,64QAM,0.424358993768692,-10.0,-9.916666666666666,-2922.9571057991607,-72.27422332788824,125000.0,100000.0
BPSK,BPSK,0.6049111485481262,-10.0,-9.55,-313.78859076767503,-368.0216022343138,125000.0,142857.14285714287
BPSK,BPSK,0.6779153347015381,-10.0,-9.916666666666666,-1827.6144007706757,-165.56001619161322,125000.0,142857.14285714287
BPSK,8PSK,0.32971733808517456,-10.0,-9.216666666666667,569.1952260363169,-389.1007670925747,125000.0,125000.0
BPSK,BPSK,0.8242770433425903,-10.0,-10.0,-1200.0509775291011,-292.03481399459076,125000.0,200000.0
BPSK,64QAM,0.29868030548095703,-10.0,-9.833333333333334,-1743.5032725826827,-159.0266466973557,142857.14285714287,200000.0
BPSK,BPSK,0.659547746181488,-10.0,-10.0,1784.7738931285958,147.14119314940197,142857.14285714287,142857.14285714287
BPSK,QPSK,0.3006749153137207,-10.0,-9.916666666666666,640.2580601098739,-25.857229493238602,142857.14285714287,142857.14285714287
BPSK,BPSK,0.7421644330024719,-10.0,-9.883333333333333,2680.9187458778906,153.34690206041927,142857.14285714287,125000.0
BPSK,BPSK,0.9732970595359802,-10.0,-9.766666666666667,380.2642470152732,-376.40385534731536,142857.14285714287,142857.14285714287
BPSK,BPSK,0.2112046182155609,-10.0,-9.983333333333333,2402.6975940253324,300.197145731778,200000.0,200000.0
BPSK,BPSK,0.931472659111023,-10.0,-9.933333333333334,-1083.9491765888256,-70.49987029091606,200000.0,200000.0
BPSK,BPSK,0.41827821731567383,-10.0,-9.683333333333334,-1117.0780364257796,287.55170165272904,200000.0,200000.0
BPSK,BPSK,0.889062225818634,-10.0,-9.983333333333333,1205.0453370051328,-147.65957296257275,200000.0,142857.14285714287
BPSK,64QAM,0.3313973844051361,-10.0,-9.966666666666667,-1632.6481265558539,534.5876556150829,200000.0,142857.14285714287
BPSK,BPSK,0.9966854453086853,-5.0,-5.033333333333333,480.1707181233369,-347.3095229084824,50000.0,76923.07692307692
BPSK,BPSK,0.962466299533844,-5.0,-4.9,-1866.5618114732495,-126.90311378815686,50000.0,50000.0
BPSK,BPSK,0.997461199760437,-5.0,-4.866666666666666,290.8983877477817,254.91198392000584,50000.0,50000.0
BPSK,GFSK,0.5372127890586853,-5.0,-4.783333333333333,729.019557755626,439.68748499515425,50000.0,50000.0
BPSK,BPSK,0.9986671209335327,-5.0,-5.033333333333333,-478.8404404761968,-571.5480412657155,50000.0,50000.0
BPSK,BPSK,0.995591402053833,-5.0,-4.8,-31.02193249766242,439.51112831762293,76923.07692307692,76923.07692307692
BPSK,BPSK,0.9959415793418884,-5.0,-5.033333333333333,1053.8353370977384,152.8586716648798,76923.07692307692,76923.07692307692
BPSK,BPSK,0.9427054524421692,-5.0,-4.933333333333334,463.06502697719543,387.6008985602558,76923.07692307692,100000.0
BPSK,BPSK,0.9986692667007446,-5.0,-4.966666666666667,-2989.185878359086,-484.6707236377071,76923.07692307692,76923.07692307692
BPSK,BPSK,0.999213695526123,-5.0,-5.033333333333333,1764.1863646530255,-276.3816744859756,76923.07692307692,76923.07692307692
BPSK,BPSK,0.9838882088661194,-5.0,-5.016666666666667,-1040.73201713238,517.3457765878618,100000.0,76923.07692307692
BPSK,BPSK,0.9993770718574524,-5.0,-5.133333333333334,-2439.3243990322917,-35.091761199193826,100000.0,100000.0
BPSK,BPSK,0.9967733025550842,-5.0,-5.033333333333333,2428.2244353201168,482.962845684557,100000.0,100000.0
BPSK,BPSK,0.9988757967948914,-5.0,-4.916666666666667,-2647.588694906502,-467.66522978705456,100000.0,100000.0
BPSK,BPSK,0.9821946024894714,-5.0,-5.3,-850.6126884517116,-648.7438162840413,100000.0,100000.0
BPSK,BPSK,0.9766325950622559,-5.0,-5.2,-1114.571212692704,198.96870080673682,125000.0,125000.0
BPSK,BPSK,0.983062744140625,-5.0,-5.083333333333333,402.2985501866938,-175.83087231743545,125000.0,125000.0
BPSK,BPSK,0.9815608859062195,-5.0,-5.183333333333334,1645.2729457852492,-332.0740186869337,125000.0,125000.0
BPSK,BPSK,0.9949153661727905,-5.0,-5.15,2750.7864057842035,691.1097154143641,125000.0,100000.0
BPSK,BPSK,0.9771215319633484,-5.0,-5.166666666666667,725.6127912002971,-586.9945976890361,125000.0,125000.0
BPSK,BPSK,0.9916257858276367,-5.0,-5.183333333333334,-2038.3541239915812,133.28530662275713,142857.14285714287,142857.14285714287
BPSK,BPSK,0.9983425140380859,-5.0,-5.216666666666667,-2858.2054279693434,-63.68797520927542,142857.14285714287,142857.14285714287
BPSK,BPSK,0.9987078905105591,-5.0,-5.166666666666667,-1213.7432614748313,-728.443162482738,142857.14285714287,100000.0
BPSK,BPSK,0.9326452016830444,-5.0,-5.333333333333333,1030.955890336228,463.58811009024043,142857.14285714287,142857.14285714287
BPSK,BPSK,0.999128520488739,-5.0,-5.0,-75.82160356493114,-405.64348247982235,142857.14285714287,142857.14285714287
BPSK,BPSK,0.8272821307182312,-5.0,-5.35,-2922.852673530418,264.3910372966404,200000.0,200000.0
BPSK,BPSK,0.8570948243141174,-5.0,-5.15,625.8944806418272,-123.67777238070144,200000.0,142857.14285714287
BPSK,BPSK,0.740156352519989,-5.0,-5.233333333333333,608.2927280424069,-178.9955055898949,200000.0,200000.0
BPSK,BPSK,0.9566619396209717,-5.0,-5.083333333333333,384.1431831932068,391.5974097143667,200000.0,200000.0
BPSK,64QAM,0.4070027470588684,-5.0,-5.0,2510.3811472235802,-92.1975451349619,200000.0,200000.0
BPSK,BPSK,0.9999945163726807,0.0,0.7166666666666667,-1870.4570333858098,-1716.2327896511642,50000.0,50000.0
BPSK,BPSK,0.999996542930603,0.0,0.0,1726.3597579367015,606.7543920277873,50000.0,50000.0
BPSK,BPSK,0.9998268485069275,0.0,0.03333333333333333,834.1575133377983,7.485835326665331,50000.0,50000.0
BPSK,BPSK,0.9999995231628418,0.0,0.16666666666666666,276.36137940385515,902.3817231761132,50000.0,50000.0
BPSK,BPSK,0.999971866607666,0.0,0.6333333333333333,2503.5797978570445,789.9467073102754,50000.0,50000.0
BPSK,BPSK,0.9999915361404419,0.0,0.0,595.8959536174852,623.3664323965306,76923.07692307692,76923.07692307692
BPSK,BPSK,0.9999996423721313,0.0,0.03333333333333333,1885.4583712299027,-159.26481219385522,76923.07692307692,76923.07692307692
BPSK,BPSK,0.9999998807907104,0.0,0.3,693.049646153202,317.3667426799593,76923.07692307692,76923.07692307692
BPSK,BPSK,0.9999978542327881,0.0,0.0,-582.9991468225562,923.2917832366418,76923.07692307692,100000.0
BPSK,BPSK,0.9999994039535522,0.0,0.0,-2593.7138362767564,-632.1807234703659,76923.07692307692,76923.07692307692
BPSK,BPSK,0.9999948740005493,0.0,0.016666666666666666,640.8862862052201,10.537995036534886,100000.0,76923.07692307692
BPSK,BPSK,0.9999995231628418,0.0,0.03333333333333333,770.0871741785436,-57.45757459344617,100000.0,100000.0
BPSK,BPSK,0.9999994039535522,0.0,-0.03333333333333333,-1071.9738272788754,-809.2474329267212,100000.0,76923.07692307692
BPSK,BPSK,1.0,0.0,0.0,-971.0829435839355,-313.56479403004664,100000.0,100000.0
BPSK,BPSK,0.9999790191650391,0.0,0.08333333333333333,-2229.933591347679,-934.3802972003879,100000.0,100000.0
BPSK,BPSK,0.9999769926071167,0.0,0.05,-1320.0495348246438,353.7757664208456,125000.0,125000.0
BPSK,BPSK,0.9999884366989136,0.0,0.0,-2496.543666223855,-788.3298854583763,125000.0,125000.0
BPSK,BPSK,0.9999966621398926,0.0,0.43333333333333335,328.6177188990391,-232.82983197167167,125000.0,100000.0
BPSK,BPSK,0.9999984502792358,0.0,0.15,96.49552582639126,282.36175619260973,125000.0,125000.0
BPSK,BPSK,0.999997615814209,0.0,0.05,957.4171984370464,1099.7885470808985,125000.0,125000.0
BPSK,BPSK,0.999980092048645,0.0,-0.016666666666666666,-869.6339124687679,878.1031005077624,142857.14285714287,142857.14285714287
BPSK,BPSK,0.9999715089797974,0.0,0.8,-1087.926201367529,1217.9009513212038,142857.14285714287,142857.14285714287
BPSK,BPSK,0.9999217987060547,0.0,-0.06666666666666667,-2292.9021328536282,-1327.3291019446372,142857.14285714287,142857.14285714287
BPSK,BPSK,0.9996280670166016,0.0,0.11666666666666667,979.1001879435867,851.6786503327041,142857.14285714287,142857.14285714287
BPSK,BPSK,0.9995972514152527,0.0,0.3,-161.97083482206745,250.48664782942848,142857.14285714287,142857.14285714287
BPSK,BPSK,0.9896564483642578,0.0,0.03333333333333333,349.7843816912846,-999.3176856626425,200000.0,200000.0
BPSK,BPSK,0.9981769323348999,0.0,0.43333333333333335,1193.4910299149315,-147.87789574603795,200000.0,200000.0
BPSK,BPSK,0.9988178610801697,0.0,0.03333333333333333,1470.209319885911,681.0991380645078,200000.0,200000.0
BPSK,BPSK,0.9991785883903503,0.0,0.016666666666666666,-1705.2565434952867,-537.6770286326309,200000.0,200000.0
BPSK,BPSK,0.9998918771743774,0.0,0.05,900.9963499241439,891.7076942671794,200000.0,200000.0
BPSK,BPSK,0.9997956156730652,5.0,5.083333333333333,2053.3675783411545,2248.030368183345,50000.0,50000.0
BPSK,BPSK,0.9999996423721313,5.0,5.016666666666667,-937.2867239886336,-1810.845956724153,50000.0,50000.0
BPSK,BPSK,0.9999998807907104,5.0,5.15,626.4036348156346,1602.892948387508,50000.0,50000.0
BPSK,BPSK,0.9999998807907104,5.0,5.4,-543.8337970640082,-663.8854732481657,50000.0,50000.0
BPSK,BPSK,0.9999994039535522,5.0,8.816666666666666,-881.7093973011574,-918.3552627179046,50000.0,50000.0
BPSK,BPSK,1.0,5.0,6.0,-1700.8589903232087,-1554.7090483636741,76923.07692307692,76923.07692307692
BPSK,BPSK,1.0,5.0,5.116666666666666,-793.9234515779535,-558.3748843602016,76923.07692307692,76923.07692307692
BPSK,BPSK,1.0,5.0,5.05,-2394.1152473641073,-1854.1538388444355,76923.07692307692,76923.07692307692
BPSK,BPSK,1.0,5.0,5.05,2486.736732617547,1240.2458912904867,76923.07692307692,76923.07692307692
BPSK,BPSK,1.0,5.0,5.0,-1087.307511326523,-1417.5209480475357,76923.07692307692,76923.07692307692
BPSK,BPSK,1.0,5.0,5.05,-1567.5313226702908,-1550.162197644811,100000.0,100000.0
BPSK,BPSK,0.9999996423721313,5.0,5.0,1007.8795463910292,1034.2572649702954,100000.0,100000.0
BPSK,BPSK,0.9999998807907104,5.0,7.35,1738.856299653029,1621.2002216047465,100000.0,100000.0
BPSK,BPSK,1.0,5.0,5.083333333333333,-462.32373137044306,627.197218548638,100000.0,100000.0
BPSK,BPSK,1.0,5.0,5.0,1549.4973938909461,1262.769735358042,100000.0,100000.0
BPSK,BPSK,0.9999998807907104,5.0,5.033333333333333,-371.1299380141854,-502.95412178059235,125000.0,125000.0
BPSK,BPSK,0.9999997615814209,5.0,5.0,-1556.2437491173607,-735.4321496573514,125000.0,125000.0
BPSK,BPSK,1.0,5.0,6.083333333333333,-808.2896597792364,-558.3842938336807,125000.0,125000.0
BPSK,BPSK,0.9999996423721313,5.0,5.0,-2741.455856192426,-2225.3733127304786,125000.0,125000.0
BPSK,BPSK,1.0,5.0,5.0,-2817.21115125063,-2086.155428794188,125000.0,125000.0
BPSK,BPSK,0.9999905824661255,5.0,5.633333333333334,-2277.185534256755,-626.5730564607707,142857.14285714287,142857.14285714287
BPSK,BPSK,0.9997822642326355,5.0,5.083333333333333,-1752.8703505683975,-1092.6614434021844,142857.14285714287,142857.14285714287
BPSK,BPSK,0.9999467134475708,5.0,5.05,-989.1897744834275,-815.88155182192,142857.14285714287,142857.14285714287
BPSK,BPSK,0.9998842477798462,5.0,5.066666666666666,2747.0517135537193,1715.2727096503772,142857.14285714287,142857.14285714287
BPSK,BPSK,0.9996458292007446,5.0,5.0,2617.8733455470683,2047.2911498011758,142857.14285714287,142857.14285714287
BPSK,BPSK,0.6887350082397461,5.0,5.033333333333333,2119.881937559996,1270.8611189813005,200000.0,200000.0
BPSK,BPSK,0.9947835803031921,5.0,5.05,-1993.058069206529,-1462.0758397208963,200000.0,200000.0
BPSK,BPSK,0.9999386072158813,5.0,5.0,-1221.9166929108044,-733.6199632199925,200000.0,200000.0
BPSK,BPSK,0.9961559176445007,5.0,5.333333333333333,1307.0061436973883,1126.2895764132545,200000.0,200000.0
BPSK,BPSK,0.996661901473999,5.0,5.0,2103.3075585381303,1491.2991619293236,200000.0,142857.14285714287
BPSK,BPSK,0.9999523162841797,10.0,10.516666666666667,2877.755093108961,2680.982488078878,50000.0,50000.0
BPSK,BPSK,0.9999990463256836,10.0,10.033333333333333,769.8507520463468,804.487723063092,50000.0,50000.0
BPSK,BPSK,0.9999996423721313,10.0,10.0,1435.564773822205,1149.219101512971,50000.0,50000.0
BPSK,BPSK,0.9999979734420776,10.0,10.0,977.7680266130933,1296.4947455660838,50000.0,50000.0
BPSK,BPSK,0.9999971389770508,10.0,10.033333333333333,-1070.9069081505122,-1499.840652186204,50000.0,50000.0
BPSK,BPSK,1.0,10.0,10.033333333333333,296.8293470085546,103.9095552594013,76923.07692307692,76923.07692307692
BPSK,BPSK,1.0,10.0,10.0,-228.69841753459423,-337.8951788850263,76923.07692307692,76923.07692307692
BPSK,BPSK,0.9999998807907104,10.0,10.0,851.505542420141,861.7067659599718,76923.07692307692,76923.07692307692
BPSK,BPSK,1.0,10.0,10.5,-7.986831908989643,-499.62387478706944,76923.07692307692,76923.07692307692
BPSK,BPSK,0.9999997615814209,10.0,10.05,-1932.5148096539735,-2202.7071956192176,76923.07692307692,76923.07692307692
BPSK,BPSK,1.0,10.0,10.0,-1267.2501059434474,-1055.7354562419425,100000.0,100000.0
BPSK,BPSK,1.0,10.0,10.0,1646.292120471966,1345.0815827019585,100000.0,100000.0
BPSK,BPSK,1.0,10.0,10.033333333333333,912.5887011957266,1603.2471766796762,100000.0,100000.0
BPSK,BPSK,0.9999996423721313,10.0,10.0,1466.651343563496,1435.1639731820208,100000.0,100000.0
BPSK,BPSK,0.999996542930603,10.0,10.0,1621.4487934347135,1956.4296876988033,100000.0,100000.0
BPSK,BPSK,0.9999998807907104,10.0,10.0,-2529.762570466883,-2337.4042493443853,125000.0,125000.0
BPSK,BPSK,0.9999996423721313,10.0,10.0,2372.310162795726,2029.3707874579775,125000.0,125000.0
BPSK,BPSK,0.9999996423721313,10.0,10.016666666666667,2276.5923592302643,2151.066411989414,125000.0,125000.0
BPSK,BPSK,0.9999998807907104,10.0,10.016666666666667,308.25394988829476,725.9937228958189,125000.0,100000.0
BPSK,BPSK,0.9999998807907104,10.0,10.0,-1423.9004493139132,-1431.0798313237733,125000.0,125000.0
BPSK,BPSK,0.9993165731430054,10.0,10.0,-2874.3309350255636,-2018.4520374874528,142857.14285714287,142857.14285714287
BPSK,BPSK,0.9999550580978394,10.0,10.0,-1309.4385795794894,-1056.8063318992672,142857.14285714287,142857.14285714287
BPSK,BPSK,0.9849840998649597,10.0,10.066666666666666,2514.7829457124444,2206.1016681478427,142857.14285714287,142857.14285714287
BPSK,BPSK,0.9998811483383179,10.0,10.1,527.8212997969526,668.1229240679663,142857.14285714287,142857.14285714287
BPSK,BPSK,0.9999914169311523,10.0,10.033333333333333,-434.61274475196115,-788.7870365282344,142857.14285714287,142857.14285714287
BPSK,BPSK,0.9998852014541626,10.0,10.816666666666666,-42.38302686027555,107.73904349321901,200000.0,200000.0
BPSK,64QAM,0.34069547057151794,10.0,9.933333333333334,194.68709909015206,154.4026495541925,200000.0,200000.0
BPSK,BPSK,0.6636232137680054,10.0,10.033333333333333,-474.0437559339398,-761.972135041422,200000.0,200000.0
BPSK,BPSK,0.9982047080993652,10.0,10.0,449.99705281132674,603.7683689770581,200000.0,200000.0
BPSK,64QAM,0.6769335269927979,10.0,10.0,2854.992082024375,2297.88810367316,200000.0,200000.0
BPSK,BPSK,0.9999978542327881,15.0,15.1,2322.0728803106667,2280.8220416394247,50000.0,50000.0
BPSK,BPSK,0.9999951124191284,15.0,15.083333333333334,-2908.3653888981057,-2597.031350471861,50000.0,50000.0
BPSK,BPSK,0.9999852180480957,15.0,15.0,2188.607875938287,2192.130402145281,50000.0,50000.0
BPSK,BPSK,0.9999988079071045,15.0,15.033333333333333,416.8373819686158,328.2398355653734,50000.0,50000.0
BPSK,BPSK,0.9999992847442627,15.0,16.066666666666666,-787.174267912028,-997.8540226624413,50000.0,50000.0
BPSK,BPSK,1.0,15.0,15.0,-1228.4057226629961,-1315.58365480397,76923.07692307692,76923.07692307692
BPSK,BPSK,1.0,15.0,15.066666666666666,-805.589666519998,-892.4065448773757,76923.07692307692,76923.07692307692
BPSK,BPSK,0.9999998807907104,15.0,15.333333333333334,-388.59175556031005,-399.9969540918955,76923.07692307692,76923.07692307692
BPSK,BPSK,0.9999867677688599,15.0,15.05,2677.0978351247704,2531.60686788228,76923.07692307692,76923.07692307692
BPSK,BPSK,0.999972939491272,15.0,15.033333333333333,2961.9411204878734,2685.042999354349,76923.07692307692,76923.07692307692
BPSK,BPSK,0.9999998807907104,15.0,15.016666666666667,-2170.9856699969587,-2125.401284994974,100000.0,100000.0
BPSK,BPSK,0.9999977350234985,15.0,15.016666666666667,-2850.4583853893682,-2540.508456525147,100000.0,100000.0
BPSK,BPSK,0.9999998807907104,15.0,15.05,-2541.8700510880317,-2479.245004537883,100000.0,100000.0
BPSK,BPSK,0.9999997615814209,15.0,15.016666666666667,-2293.721520105933,-2324.682961333611,100000.0,100000.0
BPSK,BPSK,0.9999686479568481,15.0,15.016666666666667,2951.9585876489873,2505.376873990947,100000.0,100000.0
BPSK,BPSK,0.9999997615814209,15.0,15.0,-2026.6286548766047,-1940.571037421062,125000.0,125000.0
BPSK,BPSK,0.999997615814209,15.0,15.0,2495.5426468617106,2097.4109625193505,125000.0,125000.0
BPSK,BPSK,1.0,15.0,15.416666666666666,732.4184457170322,668.5248213990485,125000.0,125000.0
BPSK,BPSK,1.0,15.0,15.016666666666667,-871.5992671778131,-1252.8264718704231,125000.0,125000.0
BPSK,BPSK,0.9999732971191406,15.0,15.0,2602.9950539351657,2354.3647163449823,125000.0,142857.14285714287
BPSK,BPSK,0.9999808073043823,15.0,15.083333333333334,350.7342106672231,471.8914639881374,142857.14285714287,142857.14285714287
BPSK,BPSK,0.9448004364967346,15.0,15.0,2921.041659167323,2563.107435372786,142857.14285714287,142857.14285714287
BPSK,BPSK,0.9978949427604675,15.0,15.066666666666666,-361.55829639344756,-633.6690868055373,142857.14285714287,142857.14285714287
BPSK,BPSK,0.9990033507347107,15.0,15.366666666666667,1712.6040087594092,2029.0638348578875,142857.14285714287,142857.14285714287
BPSK,BPSK,0.9703280329704285,15.0,15.016666666666667,-1796.8178599005857,-1758.798943364187,142857.14285714287,142857.14285714287
BPSK,BPSK,0.998580813407898,15.0,14.983333333333333,89.63571597408418,172.87289014506655,200000.0,200000.0
BPSK,BPSK,0.913892388343811,15.0,15.1,2253.9591093790723,2060.9529134619647,200000.0,200000.0
BPSK,BPSK,0.9940415024757385,15.0,15.033333333333333,-2722.877828739413,-2458.2514213091217,200000.0,200000.0
BPSK,BPSK,0.6199128031730652,15.0,15.0,2626.5535564968695,2075.443267054966,200000.0,200000.0
BPSK,BPSK,0.9999158382415771,15.0,15.0,1423.8325517235635,1903.4229860278183,200000.0,142857.14285714287
BPSK,BPSK,0.9999970197677612,20.0,17.9,-412.05927714688823,-358.3641973507798,50000.0,50000.0
BPSK,BPSK,0.999936580657959,20.0,19.6,-2938.608587059979,-2763.4307209600274,50000.0,50000.0
BPSK,BPSK,0.9999971389770508,20.0,20.0,-2349.304061923716,-2362.123867338787,50000.0,50000.0
BPSK,BPSK,0.9999995231628418,20.0,19.433333333333334,-532.387869068255,-581.008402544043,50000.0,50000.0
BPSK,BPSK,0.9999985694885254,20.0,19.983333333333334,1535.692994141873,1505.9309401501423,50000.0,50000.0
BPSK,BPSK,0.9999997615814209,20.0,19.416666666666668,-2303.371583424534,-2309.492625095512,76923.07692307692,76923.07692307692
BPSK,BPSK,1.0,20.0,20.0,1184.7835998518349,1259.3793044754289,76923.07692307692,76923.07692307692
BPSK,BPSK,0.9999990463256836,20.0,17.483333333333334,2278.003513785442,2191.5071021861568,76923.07692307692,76923.07692307692
BPSK,BPSK,0.9999997615814209,20.0,20.0,1451.4972061884519,1500.259980374369,76923.07692307692,76923.07692307692
BPSK,BPSK,1.0,20.0,20.0,132.55263954466636,218.1485342248375,76923.07692307692,76923.07692307692
BPSK,BPSK,1.0,20.0,20.0,-496.93539367145695,-602.5583703235361,100000.0,100000.0
BPSK,BPSK,1.0,20.0,20.0,-880.4660363004714,-1035.2178930509554,100000.0,100000.0
BPSK,BPSK,1.0,20.0,20.0,-415.7579775311833,-572.6832238981293,100000.0,100000.0
BPSK,BPSK,0.9999998807907104,20.0,19.966666666666665,1478.8262217524161,1681.0873304219294,100000.0,100000.0
BPSK,BPSK,0.9999994039535522,20.0,20.0,-2326.722455590092,-2277.914469268659,100000.0,100000.0
BPSK,BPSK,1.0,20.0,20.0,-2238.7435325606384,-2416.626705540481,125000.0,125000.0
BPSK,BPSK,0.9999997615814209,20.0,20.0,1246.0673874022214,1409.2101088146258,125000.0,125000.0
BPSK,BPSK,0.9999995231628418,20.0,20.0,1454.9052700394423,1530.2026495910125,125000.0,125000.0
BPSK,BPSK,0.9999977350234985,20.0,20.0,-2944.736052020573,-2649.9994048764656,125000.0,100000.0
BPSK,BPSK,0.9999189376831055,20.0,16.933333333333334,200.13855732668526,229.19878869237232,125000.0,125000.0
BPSK,BPSK,0.9998866319656372,20.0,20.0,-1079.2801948947692,-1204.9921463808485,142857.14285714287,142857.14285714287
BPSK,BPSK,0.9999604225158691,20.0,20.0,398.6948230881935,506.53175030874337,142857.14285714287,142857.14285714287
BPSK,BPSK,0.9999309778213501,20.0,19.966666666666665,-245.99018194550217,-172.98212418497397,142857.14285714287,142857.14285714287
BPSK,BPSK,0.9985446929931641,20.0,19.983333333333334,-2697.2463083372454,-2474.2527646588846,142857.14285714287,142857.14285714287
BPSK,BPSK,0.9988276362419128,20.0,20.0,2051.373502511551,2429.846289996027,142857.14285714287,142857.14285714287
BPSK,BPSK,0.4576755464076996,20.0,20.0,71.28856419176827,218.89255255050452,200000.0,200000.0
BPSK,64QAM,0.49439677596092224,20.0,20.0,2143.8060053195813,2329.3345248344776,200000.0,200000.0
BPSK,BPSK,0.9886854887008667,20.0,20.0,-1840.9801458080433,-1880.27413373132,200000.0,200000.0
BPSK,BPSK,0.9994489550590515,20.0,19.55,154.66980047741754,270.4207220307787,200000.0,200000.0
BPSK,BPSK,0.9071339964866638,20.0,20.0,-2414.909102187875,-2400.9160500547073,200000.0,200000.0
QPSK,QPSK,0.47225478291511536,-10.0,-5.883333333333334,2048.919350422092,-19.356756655504793,50000.0,50000.0
QPSK,64QAM,0.4005119502544403,-10.0,-9.966666666666667,1960.2817209528912,220.35600028030825,50000.0,50000.0
QPSK,QPSK,0.4526561200618744,-10.0,-9.933333333333334,1239.5080932772653,-367.2524523298936,50000.0,50000.0
QPSK,BPSK,0.7960214614868164,-10.0,-9.883333333333333,1485.9211185566328,-214.15746564417248,50000.0,50000.0
QPSK,QPSK,0.435116708278656,-10.0,-9.9,-1108.8893794877374,548.81222523688,50000.0,50000.0
QPSK,QPSK,0.3321845531463623,-10.0,-9.8,2357.737984278754,163.6914984357102,76923.07692307692,76923.07692307692
QPSK,BPSK,0.4132208526134491,-10.0,-10.0,-1140.21746897279,-72.84644603579943,76923.07692307692,76923.07692307692
QPSK,BPSK,0.5477495789527893,-10.0,-9.866666666666667,2290.626485089868,-32.047078902969005,76923.07692307692,76923.07692307692
QPSK,QPSK,0.5351129174232483,-10.0,-8.35,1094.279669066385,95.76543829649603,76923.07692307692,50000.0
QPSK,BPSK,0.794963002204895,-10.0,-7.9,1269.0633048797981,-162.27194853061468,76923.07692307692,100000.0
QPSK,8PSK,0.304837167263031,-10.0,-9.6,1962.562842080155,-395.94678669448285,100000.0,125000.0
QPSK,8PSK,0.3344942331314087,-10.0,-9.966666666666667,-207.8896975456655,-65.22681929409542,100000.0,76923.07692307692
QPSK,QPSK,0.3560144603252411,-10.0,-10.0,2620.1936084882227,-417.2916047839642,100000.0,100000.0
QPSK,BPSK,0.31717395782470703,-10.0,-9.983333333333333,2401.5925029171703,156.30257934882567,100000.0,76923.07692307692
QPSK,64QAM,0.2850598096847534,-10.0,-9.816666666666666,-2117.720724349549,121.32363379598517,100000.0,100000.0
QPSK,64QAM,0.31407371163368225,-10.0,-9.983333333333333,890.0046066304617,394.4604246343432,125000.0,100000.0
QPSK,QPSK,0.22345978021621704,-10.0,-9.933333333333334,172.555003474738,171.32292652125682,125000.0,76923.07692307692
QPSK,64QAM,0.4709126949310303,-10.0,-9.75,-1791.4145487782994,-125.1989305779044,125000.0,125000.0
QPSK,BPSK,0.41252338886260986,-10.0,-9.966666666666667,-2035.2809728313232,126.28135141939663,125000.0,100000.0
QPSK,BPSK,0.5555241703987122,-10.0,-9.983333333333333,-2102.366540440241,-495.9372248724763,125000.0,100000.0
QPSK,BPSK,0.395132452249527,-10.0,-9.85,1369.1818278131295,484.6426367904395,142857.14285714287,200000.0
QPSK,64QAM,0.3497608006000519,-10.0,-9.7,-526.4873351188994,135.45280811984045,142857.14285714287,125000.0
QPSK,BPSK,0.7845056056976318,-10.0,-9.966666666666667,-2855.932011038664,113.50258393070118,142857.14285714287,142857.14285714287
QPSK,BPSK,0.36475691199302673,-10.0,-8.533333333333333,-1242.504744372033,293.28421359884044,142857.14285714287,200000.0
QPSK,64QAM,0.3710325360298157,-10.0,-9.966666666666667,-193.79949428751206,-299.9557852614978,142857.14285714287,200000.0
QPSK,QPSK,0.30529114603996277,-10.0,-9.666666666666666,94.64659585589925,-22.240877907040684,200000.0,200000.0
QPSK,BPSK,0.3815814256668091,-10.0,-10.0,945.8805600478645,196.65226940058966,200000.0,200000.0
QPSK,QPSK,0.41410598158836365,-10.0,-9.983333333333333,1662.2941242254974,162.96238291485577,200000.0,142857.14285714287
QPSK,QPSK,0.2846643924713135,-10.0,-9.75,1695.0921977445178,-247.01491269565997,200000.0,142857.14285714287
QPSK,BPSK,0.4039177894592285,-10.0,-9.983333333333333,-715.8285599604837,197.77599242770805,200000.0,200000.0
QPSK,QPSK,0.6174828410148621,-5.0,-5.233333333333333,2238.787572249539,669.5558581149585,50000.0,50000.0
QPSK,QPSK,0.6016055345535278,-5.0,-5.0,2963.4378566033465,44.84908996002001,50000.0,50000.0
QPSK,QPSK,0.8454821109771729,-5.0,-4.7,-1726.7551508761883,-504.85590397158893,50000.0,50000.0
QPSK,BPSK,0.43749865889549255,-5.0,-5.05,-2438.9792713524475,251.3587676766407,50000.0,50000.0
QPSK,BPSK,0.8729867935180664,-5.0,-5.166666666666667,2010.8504052453445,-26.51616091818353,50000.0,50000.0
QPSK,BPSK,0.5147516131401062,-5.0,-4.966666666666667,2774.408662115391,548.7785205661323,76923.07692307692,76923.07692307692
QPSK,QPSK,0.44572094082832336,-5.0,-5.083333333333333,-2132.3057707599023,-347.29930397393196,76923.07692307692,76923.07692307692
QPSK,QPSK,0.6091458797454834,-5.0,-5.133333333333334,-842.7232864059506,191.01836387208039,76923.07692307692,50000.0
QPSK,QPSK,0.49268636107444763,-5.0,-5.083333333333333,-1582.2558978452262,-1027.7843899375948,76923.07692307692,76923.07692307692
QPSK,BPSK,0.5611456036567688,-5.0,-5.05,-2818.8691844430623,583.0168829063294,76923.07692307692,76923.07692307692
QPSK,8PSK,0.4969257116317749,-5.0,-5.033333333333333,152.818348964699,-330.22837083951475,100000.0,100000.0
QPSK,QPSK,0.7825697660446167,-5.0,-4.95,-2708.9692045072875,-191.33164980474032,100000.0,125000.0
QPSK,8PSK,0.5061143636703491,-5.0,-5.016666666666667,-394.9066006752687,54.75456934675095,100000.0,76923.07692307692
QPSK,8PSK,0.5773835778236389,-5.0,-5.033333333333333,-1508.1108050120843,110.43223701681954,100000.0,100000.0
QPSK,QPSK,0.5535835027694702,-5.0,-5.216666666666667,2581.762493478467,233.7632520987897,100000.0,125000.0
QPSK,QPSK,0.4135359525680542,-5.0,-5.116666666666666,-2075.0549823434626,-459.45775309732585,125000.0,125000.0
QPSK,QPSK,0.5459283590316772,-5.0,-5.366666666666666,1542.7897520113092,-172.0001280370594,125000.0,125000.0
QPSK,QPSK,0.45102381706237793,-5.0,-4.933333333333334,593.103982897795,222.31215387008203,125000.0,125000.0
QPSK,QPSK,0.5541335940361023,-5.0,-5.1,-720.3903949269738,-971.918425800928,125000.0,125000.0
QPSK,QPSK,0.7986705303192139,-5.0,-5.05,1091.6222254416361,179.3803427639566,125000.0,125000.0
QPSK,8PSK,0.3945208191871643,-5.0,-5.05,-1298.7944020793625,-40.64740704201206,142857.14285714287,125000.0
QPSK,8PSK,0.5125834941864014,-5.0,-5.15,708.7844981115468,232.33467754664318,142857.14285714287,200000.0
QPSK,QPSK,0.3063376843929291,-5.0,-5.133333333333334,631.6115670447266,-142.62530901402056,142857.14285714287,200000.0
QPSK,8PSK,0.5215287208557129,-5.0,-5.5,-1476.2247251749202,-138.94557726847933,142857.14285714287,142857.14285714287
QPSK,QPSK,0.5225565433502197,-5.0,-5.2,-627.7376857253657,-506.44886927887205,142857.14285714287,200000.0
QPSK,BPSK,0.49920418858528137,-5.0,-5.083333333333333,-2671.6131401956645,-475.70327113706253,200000.0,200000.0
QPSK,16QAM,0.3910214304924011,-5.0,-5.016666666666667,976.0924117143841,265.22403255646213,200000.0,200000.0
QPSK,64QAM,0.4298524260520935,-5.0,-5.016666666666667,1321.4668561829822,332.11348609447583,200000.0,200000.0
QPSK,QPSK,0.5315945744514465,-5.0,-5.2,-2551.041344674669,12.96441997710579,200000.0,200000.0
QPSK,64QAM,0.38652533292770386,-5.0,-5.166666666666667,-1714.927019276767,-249.8896152237918,200000.0,142857.14285714287
QPSK,QPSK,0.9425195455551147,0.0,0.2833333333333333,2217.309333470097,1374.5786501523523,50000.0,50000.0
QPSK,QPSK,0.5238496661186218,0.0,-0.016666666666666666,1135.8798351739724,1758.29674110044,50000.0,50000.0
QPSK,QPSK,0.9593109488487244,0.0,0.0,-634.2799722589698,455.4877334804516,50000.0,50000.0
QPSK,QPSK,0.9471244215965271,0.0,0.0,1566.6790370509907,1635.191539267449,50000.0,50000.0
QPSK,QPSK,0.7608809471130371,0.0,0.05,-2506.252503542838,-79.76680128701778,50000.0,50000.0
QPSK,QPSK,0.696523129940033,0.0,0.1,424.42312141601315,-757.2725651002086,76923.07692307692,76923.07692307692
QPSK,QPSK,0.9717440605163574,0.0,0.016666666666666666,-291.74035261080735,-630.2474680668452,76923.07692307692,76923.07692307692
QPSK,QPSK,0.8705043196678162,0.0,0.03333333333333333,679.5400900211521,348.84463438435387,76923.07692307692,76923.07692307692
QPSK,QPSK,0.8674421310424805,0.0,0.06666666666666667,-1256.364553390544,-321.98735942514014,76923.07692307692,76923.07692307692
QPSK,8PSK,0.510940432548523,0.0,0.18333333333333332,-1607.7269032800932,-542.2744544610395,76923.07692307692,100000.0
QPSK,QPSK,0.6356553435325623,0.0,0.05,-2644.8321197376326,-672.7486026025767,100000.0,100000.0
QPSK,8PSK,0.8135015964508057,0.0,0.5166666666666667,2588.996800668926,-537.242120005634,100000.0,100000.0
QPSK,QPSK,0.7414869666099548,0.0,0.35,612.8170210878611,1212.5089545668125,100000.0,100000.0
QPSK,8PSK,0.6909707188606262,0.0,0.0,-2552.475454668216,200.29400458226831,100000.0,100000.0
QPSK,QPSK,0.6357768774032593,0.0,0.016666666666666666,2592.494451469427,-56.127072729013804,100000.0,100000.0
QPSK,QPSK,0.6227807998657227,0.0,0.03333333333333333,-2250.0026480563615,-317.29259935899273,125000.0,125000.0
QPSK,8PSK,0.622523844242096,0.0,-0.1,1712.8212096695443,248.92171993835132,125000.0,125000.0
QPSK,QPSK,0.5130794644355774,0.0,0.03333333333333333,-1190.8115870217168,-812.3099161259756,125000.0,125000.0
QPSK,QPSK,0.9601387977600098,0.0,0.08333333333333333,-539.8594147196573,321.9311354171903,125000.0,125000.0
QPSK,8PSK,0.6271457672119141,0.0,1.2833333333333334,1200.3963358135197,224.56360111408748,125000.0,125000.0
QPSK,8PSK,0.7282811999320984,0.0,0.0,1873.2300907574745,163.3932982084142,142857.14285714287,142857.14285714287
QPSK,QPSK,0.8063456416130066,0.0,0.0,-24.365134873945863,-25.849072215869082,142857.14285714287,142857.14285714287
QPSK,8PSK,0.4974767863750458,0.0,0.4,-1832.538674305235,-709.1451926438795,142857.14285714287,142857.14285714287
QPSK,8PSK,0.733465313911438,0.0,0.0,1530.079511508321,-1147.885881974095,142857.14285714287,142857.14285714287
QPSK,8PSK,0.5500054359436035,0.0,0.03333333333333333,653.4468652595624,-384.5415529557338,142857.14285714287,142857.14285714287
QPSK,8PSK,0.4337996542453766,0.0,0.0,608.4250747732108,273.58535306626834,200000.0,200000.0
QPSK,QPSK,0.4513624310493469,0.0,0.016666666666666666,-2462.2756173722705,-317.41839427720663,200000.0,200000.0
QPSK,8PSK,0.5341732501983643,0.0,0.0,-1754.8774636216092,-581.0362163422916,200000.0,200000.0
QPSK,16QAM,0.5084851384162903,0.0,0.3,-1014.603090013939,-309.0736057653203,200000.0,200000.0
QPSK,QPSK,0.5694838762283325,0.0,0.08333333333333333,-2228.5027687968695,517.6689673744247,200000.0,200000.0
QPSK,QPSK,0.9892289638519287,5.0,5.0,1388.8583639542549,-29.283676056920136,50000.0,50000.0
QPSK,QPSK,0.9920884370803833,5.0,5.283333333333333,-1664.6870864641685,-2138.7912719938017,50000.0,50000.0
QPSK,QPSK,0.6793894171714783,5.0,5.116666666666666,2054.473719620686,1764.8661533900192,50000.0,50000.0
QPSK,QPSK,0.9927147030830383,5.0,5.133333333333334,2577.4717505249127,1574.9877949413085,50000.0,50000.0
QPSK,QPSK,0.8683432936668396,5.0,5.016666666666667,103.0892227304771,1267.098972617623,50000.0,50000.0
QPSK,QPSK,0.994063675403595,5.0,5.9,-2198.6273631480644,-2275.2581276063033,76923.07692307692,76923.07692307692
QPSK,QPSK,0.9959040284156799,5.0,5.033333333333333,-492.5225032455942,-636.9482504964634,76923.07692307692,76923.07692307692
QPSK,QPSK,0.9486294388771057,5.0,5.066666666666666,-2974.1988554970885,-2015.2403795934497,76923.07692307692,76923.07692307692
QPSK,BPSK,0.9665828347206116,5.0,5.083333333333333,-627.8891654372596,-1176.517781120798,76923.07692307692,76923.07692307692
QPSK,QPSK,0.994641900062561,5.0,5.666666666666667,1026.0678624159018,1375.2265010914298,76923.07692307692,76923.07692307692
QPSK,QPSK,0.9177795648574829,5.0,5.033333333333333,-1830.2284486756182,-552.149982910129,100000.0,100000.0
QPSK,QPSK,0.9929022192955017,5.0,5.033333333333333,-1049.471262996698,-153.68920281792631,100000.0,100000.0
QPSK,QPSK,0.8321783542633057,5.0,5.0,1960.8478850249294,-259.40044828371464,100000.0,100000.0
QPSK,QPSK,0.6416533589363098,5.0,5.05,2309.2805826013173,1863.1953891273117,100000.0,100000.0
QPSK,QPSK,0.9390740990638733,5.0,5.183333333333334,-1447.0255339451787,-1307.4262918235859,100000.0,100000.0
QPSK,QPSK,0.9848975539207458,5.0,5.033333333333333,-1616.9557933389387,-510.0305037635446,125000.0,125000.0
QPSK,QPSK,0.9201553463935852,5.0,8.183333333333334,-603.3419879979169,-1258.2261850218567,125000.0,125000.0
QPSK,QPSK,0.943504273891449,5.0,5.05,-95.2145364338462,670.993165996714,125000.0,125000.0
QPSK,QPSK,0.8732976317405701,5.0,5.016666666666667,2741.0529969030194,1000.4373519570571,125000.0,125000.0
QPSK,QPSK,0.969785749912262,5.0,5.0,-2922.020330147743,-1850.9412798358003,125000.0,100000.0
QPSK,8PSK,0.6057857871055603,5.0,5.116666666666666,2028.5717723549242,1095.4799827478982,142857.14285714287,142857.14285714287
QPSK,QPSK,0.5721611380577087,5.0,5.033333333333333,-2204.910464105515,-1827.0408749119122,142857.14285714287,142857.14285714287
QPSK,QPSK,0.5645871162414551,5.0,5.316666666666666,186.49517959972036,-392.70624393108136,142857.14285714287,142857.14285714287
QPSK,8PSK,0.696931779384613,5.0,5.466666666666667,1545.219387209033,1594.1916189738884,142857.14285714287,142857.14285714287
QPSK,8PSK,0.8391815423965454,5.0,5.0,1950.0808068334663,1381.7132227528584,142857.14285714287,142857.14285714287
QPSK,QPSK,0.4779430627822876,5.0,5.066666666666666,1759.7019920367002,-74.87130888186728,200000.0,200000.0
QPSK,8PSK,0.596486508846283,5.0,5.0,-900.2148734397078,411.688866830421,200000.0,200000.0
QPSK,8PSK,0.4671706259250641,5.0,5.383333333333334,-2355.429881220246,-1278.5515419963197,200000.0,200000.0
QPSK,QPSK,0.5811156630516052,5.0,5.016666666666667,2227.245446930464,526.8770237778616,200000.0,200000.0
QPSK,8PSK,0.5410476922988892,5.0,5.066666666666666,-1400.996244405706,-180.93520535979377,200000.0,200000.0
QPSK,QPSK,0.9990230798721313,10.0,10.366666666666667,-1163.4819419829007,-523.3328057070705,50000.0,50000.0
QPSK,BPSK,0.640752911567688,10.0,10.0,-2656.457645388849,-1738.2240887852695,50000.0,50000.0
QPSK,BPSK,0.7328041195869446,10.0,10.0,-692.0965481225999,-1205.6991820582643,50000.0,50000.0
QPSK,QPSK,0.9747248888015747,10.0,10.15,-2377.919354803797,-2341.4855747281485,50000.0,50000.0
QPSK,QPSK,0.9992659687995911,10.0,10.233333333333333,1787.657447153193,2173.3918987647553,50000.0,50000.0
QPSK,QPSK,0.9998670816421509,10.0,10.0,-517.0806820281941,-497.0826471875305,76923.07692307692,76923.07692307692
QPSK,QPSK,0.9078758955001831,10.0,10.016666666666667,2992.637701051276,2351.0920632501106,76923.07692307692,76923.07692307692
QPSK,QPSK,0.9969084858894348,10.0,10.0,-1708.0828371086309,-1709.0857159281627,76923.07692307692,76923.07692307692
QPSK,QPSK,0.9948719143867493,10.0,10.0,2926.5377145419416,2449.538142576919,76923.07692307692,76923.07692307692
QPSK,QPSK,0.9993316531181335,10.0,10.466666666666667,-25.653399019221524,-163.44936801817795,76923.07692307692,76923.07692307692
QPSK,QPSK,0.9986379742622375,10.0,10.0,280.2384955498351,41.261040964250476,100000.0,100000.0
QPSK,QPSK,0.9968474507331848,10.0,10.516666666666667,-2308.3847925730634,-1873.1324428886644,100000.0,100000.0
QPSK,QPSK,0.9091188907623291,10.0,10.0,2472.441809933456,2264.443999371656,100000.0,100000.0
QPSK,QPSK,0.9752082824707031,10.0,10.0,2559.4582971879045,2244.44774461517,100000.0,100000.0
QPSK,QPSK,0.9978839755058289,10.0,10.116666666666667,-884.9322778292712,-431.3138590098879,100000.0,100000.0
QPSK,QPSK,0.9308895468711853,10.0,10.0,1053.0618214223327,1707.5832633609639,125000.0,125000.0
QPSK,QPSK,0.5285413265228271,10.0,10.0,2868.8151567203386,2463.352877608517,125000.0,125000.0
QPSK,QPSK,0.9807342290878296,10.0,10.0,-1302.2692427604131,-2289.4212664328365,125000.0,125000.0
QPSK,QPSK,0.9938094019889832,10.0,10.033333333333333,1381.7345482465762,1660.7350082655735,125000.0,125000.0
QPSK,QPSK,0.9325699210166931,10.0,10.0,2231.022705436644,1898.3605593806742,125000.0,125000.0
QPSK,QPSK,0.7888931035995483,10.0,10.0,2857.480215846259,2214.4506303609455,142857.14285714287,142857.14285714287
QPSK,QPSK,0.8993234038352966,10.0,10.0,1521.1062414781136,1022.8700179808205,142857.14285714287,142857.14285714287
QPSK,QPSK,0.8612271547317505,10.0,9.983333333333333,240.72487316137267,1757.1456663641625,142857.14285714287,142857.14285714287
QPSK,8PSK,0.7288265228271484,10.0,10.016666666666667,1347.5267901637226,1469.567408349539,142857.14285714287,142857.14285714287
QPSK,QPSK,0.9673174619674683,10.0,10.0,571.0838362438567,372.91501259342897,142857.14285714287,142857.14285714287
QPSK,8PSK,0.4141850471496582,10.0,10.0,2083.3754041194625,1723.5341247457184,200000.0,200000.0
QPSK,QPSK,0.9171141386032104,10.0,10.0,1618.375159961749,1473.2490086135151,200000.0,200000.0
QPSK,8PSK,0.8329691886901855,10.0,10.0,1572.8345167375019,1487.7794726021405,200000.0,200000.0
QPSK,QPSK,0.7135899662971497,10.0,10.0,248.79400686458985,-864.1113490790746,200000.0,200000.0
QPSK,QPSK,0.43888935446739197,10.0,10.0,-916.9243258006054,-784.0081772362828,200000.0,200000.0
QPSK,QPSK,0.9989812970161438,15.0,15.083333333333334,55.16449965236234,64.47153626418373,50000.0,50000.0
QPSK,QPSK,0.9900216460227966,15.0,14.983333333333333,2291.4172104153586,2352.5616691904056,50000.0,50000.0
QPSK,QPSK,0.9957299828529358,15.0,16.3,-2387.387020462159,-2515.552032201746,50000.0,50000.0
QPSK,BPSK,0.7845326662063599,15.0,15.116666666666667,2061.1751619434417,2004.882456587358,50000.0,50000.0
QPSK,QPSK,0.951590359210968,15.0,15.05,614.1823791965026,660.2960734623026,50000.0,50000.0
QPSK,QPSK,0.9991851449012756,15.0,15.016666666666667,583.5606971964771,407.01977147860816,76923.07692307692,76923.07692307692
QPSK,QPSK,0.9988295435905457,15.0,15.3,-1661.7846865873817,-1774.6976356560176,76923.07692307692,76923.07692307692
QPSK,QPSK,0.9989864230155945,15.0,15.083333333333334,90.92904460876525,-14.01609580560041,76923.07692307692,76923.07692307692
QPSK,QPSK,0.9984744191169739,15.0,15.083333333333334,2364.4674972790117,2082.748640518332,76923.07692307692,76923.07692307692
QPSK,QPSK,0.9983627200126648,15.0,15.283333333333333,-1590.0622802806768,-1712.3045844855994,76923.07692307692,76923.07692307692
QPSK,QPSK,0.9972430467605591,15.0,15.433333333333334,1493.147821380362,1155.8549572546272,100000.0,100000.0
QPSK,QPSK,0.9998782873153687,15.0,15.016666666666667,-93.89605086870097,-243.74133225919056,100000.0,100000.0
QPSK,QPSK,0.9719535112380981,15.0,15.183333333333334,2859.5189090039703,2387.161423981968,100000.0,100000.0
QPSK,QPSK,0.9994822144508362,15.0,15.1,1031.09373066317,1016.9226611306724,100000.0,100000.0
QPSK,QPSK,0.979248046875,15.0,15.0,2603.329971299382,2087.3831448061296,100000.0,100000.0
QPSK,QPSK,0.582840621471405,15.0,15.016666666666667,2728.6342536906914,2543.565298659614,125000.0,125000.0
QPSK,QPSK,0.9997790455818176,15.0,15.016666666666667,799.8180297893159,312.4119237822443,125000.0,100000.0
QPSK,QPSK,0.9993946552276611,15.0,15.016666666666667,-1294.6414408104133,-1159.6524821194753,125000.0,125000.0
QPSK,QPSK,0.7065925002098083,15.0,15.1,-1615.2234978013107,-977.2355004064261,125000.0,125000.0
QPSK,QPSK,0.9961890578269958,15.0,15.0,-2645.66208613026,-2288.264907052522,125000.0,125000.0
QPSK,QPSK,0.6774312257766724,15.0,15.0,-1990.2720297939022,-1038.5962491154,142857.14285714287,142857.14285714287
QPSK,QPSK,0.8963317275047302,15.0,15.05,1074.0674705280444,1228.3726502815512,142857.14285714287,142857.14285714287
QPSK,QPSK,0.8696465492248535,15.0,15.033333333333333,-2829.941163993829,-2349.698435635713,142857.14285714287,142857.14285714287
QPSK,QPSK,0.9247865080833435,15.0,15.016666666666667,706.946075131068,495.4523934173205,142857.14285714287,142857.14285714287
QPSK,8PSK,0.5447720885276794,15.0,15.0,-554.0750890174381,-1204.120687418707,142857.14285714287,142857.14285714287
QPSK,QPSK,0.7769646048545837,15.0,15.666666666666666,-2227.789891591803,-1646.3629738841687,200000.0,200000.0
QPSK,8PSK,0.4714467227458954,15.0,15.05,2174.9140041506753,2358.6349460483416,200000.0,200000.0
QPSK,8PSK,0.7419194579124451,15.0,15.0,-753.5744326291297,-499.35006431740993,200000.0,200000.0
QPSK,8PSK,0.6017075181007385,15.0,16.7,556.9755363962804,-135.74173388562215,200000.0,200000.0
QPSK,QPSK,0.5688433051109314,15.0,15.05,2883.111839161489,2411.5645823008153,200000.0,200000.0
QPSK,BPSK,0.9095653891563416,20.0,20.0,-2025.688822864979,-2215.0794629639963,50000.0,50000.0
QPSK,QPSK,0.7965601086616516,20.0,20.0,-2127.9802534537034,-2244.6233915874227,50000.0,50000.0
QPSK,QPSK,0.8796466588973999,20.0,17.15,-705.2658028159312,-489.19010882185677,50000.0,50000.0
QPSK,QPSK,0.9948474168777466,20.0,18.6,2561.8002437076893,2386.907406369987,50000.0,50000.0
QPSK,QPSK,0.9975652694702148,20.0,14.833333333333334,189.33855898987213,137.6964163009485,50000.0,50000.0
QPSK,QPSK,0.9992581009864807,20.0,20.0,1543.418188814544,1398.1449253677313,76923.07692307692,76923.07692307692
QPSK,QPSK,0.9995991587638855,20.0,18.683333333333334,-560.4064117447133,-517.382657572168,76923.07692307692,76923.07692307692
QPSK,QPSK,0.9742836952209473,20.0,20.0,1869.095267787242,1909.1080477491278,76923.07692307692,76923.07692307692
QPSK,QPSK,0.9924271106719971,20.0,20.0,2439.2193161381765,2459.661143865492,76923.07692307692,76923.07692307692
QPSK,QPSK,0.9896129965782166,20.0,20.0,-1568.3833700308055,-1564.6479709635778,76923.07692307692,76923.07692307692
QPSK,QPSK,0.9989548921585083,20.0,20.0,806.8753428066134,949.4257218237167,100000.0,100000.0
QPSK,QPSK,0.9954068660736084,20.0,20.0,2442.7850947388606,2392.4324835372786,100000.0,100000.0
QPSK,QPSK,0.9849048852920532,20.0,20.0,1834.322380287891,1845.8958352645154,100000.0,100000.0
QPSK,QPSK,0.9989697933197021,20.0,19.95,1100.9384286855393,1109.7809922811236,100000.0,100000.0
QPSK,QPSK,0.9993020296096802,20.0,20.0,653.151630306927,786.1756650354239,100000.0,100000.0
QPSK,QPSK,0.9991573095321655,20.0,20.0,-277.364057289838,38.72694575080089,125000.0,125000.0
QPSK,QPSK,0.998881995677948,20.0,18.866666666666667,-1294.8931511295598,-1472.5993986283502,125000.0,125000.0
QPSK,QPSK,0.9606127142906189,20.0,20.0,-2667.4907774949243,-2587.508612521348,125000.0,125000.0
QPSK,QPSK,0.915271520614624,20.0,20.0,1874.243246402987,2271.2260080984606,125000.0,125000.0
QPSK,QPSK,0.9584956169128418,20.0,20.0,1972.0751789046353,2096.957400631796,125000.0,125000.0
QPSK,QPSK,0.6971299648284912,20.0,20.0,1396.0434020600223,1778.1553751086421,142857.14285714287,142857.14285714287
QPSK,QPSK,0.9228934049606323,20.0,20.0,1281.8558198076626,1132.119841384863,142857.14285714287,142857.14285714287
QPSK,QPSK,0.5177446007728577,20.0,20.0,1593.2341981724503,1680.3769245972176,142857.14285714287,142857.14285714287
QPSK,QPSK,0.9602725505828857,20.0,19.983333333333334,-887.3744158215331,-838.6733855329337,142857.14285714287,142857.14285714287
QPSK,QPSK,0.5331801176071167,20.0,20.0,-1359.3269512261297,-1505.8777914743985,142857.14285714287,142857.14285714287
QPSK,16QAM,0.45333006978034973,20.0,20.0,2266.861122886923,1575.092042519659,200000.0,200000.0
QPSK,QPSK,0.7756029367446899,20.0,20.0,649.7496386235484,749.2148644369213,200000.0,200000.0
QPSK,8PSK,0.643855631351471,20.0,20.0,2535.6833791526797,2419.9828219230567,200000.0,200000.0
QPSK,QPSK,0.7927126288414001,20.0,20.0,1264.318729998272,1350.579443871072,200000.0,200000.0
QPSK,QPSK,0.6645795106887817,20.0,20.0,-1931.6776544816055,-1739.8808915687782,200000.0,200000.0
8PSK,QPSK,0.35525551438331604,-10.0,-9.816666666666666,-953.7033539516206,373.37168781665025,50000.0,50000.0
8PSK,BPSK,0.3820742666721344,-10.0,-9.766666666666667,-597.2619252148247,-67.64517071611833,50000.0,125000.0
8PSK,QPSK,0.5871395468711853,-10.0,-9.916666666666666,-1631.659829095899,-77.9690924263158,50000.0,50000.0
8PSK,QPSK,0.6282608509063721,-10.0,-9.966666666666667,-1661.7211026406057,66.69962136957342,50000.0,50000.0
8PSK,BPSK,0.8381962776184082,-10.0,-9.833333333333334,462.67814246553735,47.86890981757854,50000.0,76923.07692307692
8PSK,BPSK,0.45008400082588196,-10.0,-9.983333333333333,-650.8722649283341,-98.51681166045944,76923.07692307692,50000.0
8PSK,BPSK,0.5001659989356995,-10.0,-9.866666666666667,-2227.2276186876134,209.4146862214983,76923.07692307692,100000.0
8PSK,QPSK,0.5658908486366272,-10.0,-9.566666666666666,1936.4179276078276,201.90682029820488,76923.07692307692,50000.0
8PSK,8PSK,0.30155691504478455,-10.0,-9.816666666666666,15.36364082489581,-276.3172002054494,76923.07692307692,50000.0
8PSK,8PSK,0.45412686467170715,-10.0,-9.55,-271.3497530312661,71.7803991460001,76923.07692307692,100000.0
8PSK,64QAM,0.4087315797805786,-10.0,-9.983333333333333,-1633.0843643673268,99.97822283273494,100000.0,142857.14285714287
8PSK,BPSK,0.7710148692131042,-10.0,-9.883333333333333,2523.764263274492,-482.29769486919673,100000.0,76923.07692307692
8PSK,8PSK,0.27714571356773376,-10.0,-9.966666666666667,2745.2744040903135,-15.37404539222027,100000.0,142857.14285714287
8PSK,QPSK,0.2797156870365143,-10.0,-9.916666666666666,154.4077974140173,-56.719666829761415,100000.0,200000.0
8PSK,BPSK,0.6758351922035217,-10.0,-9.516666666666667,1090.6046025279275,-129.82700769815293,100000.0,100000.0
8PSK,QPSK,0.31024184823036194,-10.0,-9.75,-1189.5181991883705,-116.17867292467108,125000.0,76923.07692307692
8PSK,64QAM,0.28130587935447693,-10.0,-9.833333333333334,2943.83760845877,-181.13766079613694,125000.0,142857.14285714287
8PSK,BPSK,0.6499935388565063,-10.0,-10.0,-1490.833035729774,-327.0346622114029,125000.0,100000.0
8PSK,QPSK,0.4440979063510895,-10.0,-9.95,2571.872320267694,-35.270559702767734,125000.0,200000.0
8PSK,64QAM,0.4876595139503479,-10.0,-9.8,-1327.1080795806502,-71.72130563273686,125000.0,125000.0
8PSK,BPSK,0.36441680788993835,-10.0,-9.833333333333334,2998.6998366756225,218.59911570191923,142857.14285714287,200000.0
8PSK,QPSK,0.41492748260498047,-10.0,-9.4,1661.1513468446228,-192.73496503852854,142857.14285714287,125000.0
8PSK,BPSK,0.5628284811973572,-10.0,-9.9,431.07279507996964,-89.38331455531085,142857.14285714287,200000.0
8PSK,64QAM,0.32809701561927795,-10.0,-9.95,-2944.554472888281,294.9466934536017,142857.14285714287,200000.0
8PSK,BPSK,0.34289687871932983,-10.0,-9.966666666666667,-806.5167388966561,-93.80947552001473,142857.14285714287,125000.0
8PSK,BPSK,0.3351486921310425,-10.0,-9.783333333333333,-2511.0729182418113,-187.54057340711734,200000.0,200000.0
8PSK,64QAM,0.4728359878063202,-10.0,-10.0,-2492.9746622354514,-208.70492283947314,200000.0,142857.14285714287
8PSK,8PSK,0.4392172694206238,-10.0,-9.983333333333333,-33.88177072973349,-43.829145812023505,200000.0,142857.14285714287
8PSK,64QAM,0.3864159882068634,-10.0,-10.0,1644.7170573519716,-114.19328373056675,200000.0,125000.0
8PSK,64QAM,0.4578196406364441,-10.0,-9.916666666666666,245.77511685521904,270.1112860691154,200000.0,200000.0
8PSK,QPSK,0.44019025564193726,-5.0,-5.066666666666666,1779.5828698797359,82.62862406944265,50000.0,50000.0
8PSK,16QAM,0.27446332573890686,-5.0,-5.233333333333333,-360.936497776192,195.3074452401327,50000.0,50000.0
8PSK,QPSK,0.7793702483177185,-5.0,-5.083333333333333,643.0002125265723,-8.194753775045676,50000.0,50000.0
8PSK,GFSK,0.9433771967887878,-5.0,-5.166666666666667,-2521.137668193402,-1168.6466017234302,50000.0,50000.0
8PSK,8PSK,0.5458681583404541,-5.0,-5.0,653.4393766894996,136.28543756891625,50000.0,50000.0
8PSK,BPSK,0.4298008382320404,-5.0,-5.15,-435.9993427373365,175.94181209010952,76923.07692307692,76923.07692307692
8PSK,QPSK,0.44236499071121216,-5.0,-5.0,1499.6491702562598,198.6145717162153,76923.07692307692,76923.07692307692
8PSK,8PSK,0.5446760654449463,-5.0,-5.116666666666666,1586.0637950773735,-71.99803598922489,76923.07692307692,76923.07692307692
8PSK,QPSK,0.5240084528923035,-5.0,-5.2,220.84154240516364,366.55576689070085,76923.07692307692,76923.07692307692
8PSK,QPSK,0.5469588041305542,-5.0,-5.1,1256.0152820221092,-147.70710767255258,76923.07692307692,100000.0
8PSK,QPSK,0.5209875106811523,-5.0,-5.15,-2872.3986671977923,-455.4083936572152,100000.0,100000.0
8PSK,QPSK,0.5483519434928894,-5.0,-5.066666666666666,2698.2994986431777,189.4516818073993,100000.0,125000.0
8PSK,QPSK,0.5195854902267456,-5.0,-5.166666666666667,-1208.9581507904977,-393.4789352134267,100000.0,100000.0
8PSK,QPSK,0.7107565999031067,-5.0,-5.1,-1496.8095442552637,22.691341886736872,100000.0,76923.07692307692
8PSK,QPSK,0.6580897569656372,-5.0,-5.116666666666666,467.2817625796647,-265.6175776032278,100000.0,100000.0
8PSK,8PSK,0.46097487211227417,-5.0,-5.133333333333334,-706.8322760384567,-72.9634549311442,125000.0,125000.0
8PSK,16QAM,0.2747787833213806,-5.0,-4.95,-2533.3840302093217,38.6458682398519,125000.0,125000.0
8PSK,QPSK,0.5521054267883301,-5.0,-5.15,-2905.728494607495,-759.937108704958,125000.0,125000.0
8PSK,8PSK,0.5408854484558105,-5.0,-4.85,-2809.28140860875,134.23505235630898,125000.0,125000.0
8PSK,16QAM,0.3492031991481781,-5.0,-5.1,32.561546800608994,161.83884157711367,125000.0,100000.0
8PSK,QPSK,0.5130383372306824,-5.0,-5.883333333333334,981.4534681334321,60.23784902887084,142857.14285714287,142857.14285714287
8PSK,QPSK,0.4671669602394104,-5.0,-5.116666666666666,1234.4542874160934,551.8285897744535,142857.14285714287,142857.14285714287
8PSK,16QAM,0.30067381262779236,-5.0,-5.266666666666667,2184.312498288855,-127.50664991317102,142857.14285714287,142857.14285714287
8PSK,QPSK,0.4739132821559906,-5.0,-5.266666666666667,898.9564672296578,207.55133697568272,142857.14285714287,142857.14285714287
8PSK,8PSK,0.4360509216785431,-5.0,-5.166666666666667,2971.492589019329,526.0452748413711,142857.14285714287,142857.14285714287
8PSK,8PSK,0.5271770358085632,-5.0,-5.083333333333333,1527.8491822360738,-620.1321933598033,200000.0,142857.14285714287
8PSK,BPSK,0.36073940992355347,-5.0,-4.983333333333333,2766.1830577112414,-114.601701308312,200000.0,200000.0
8PSK,8PSK,0.4858751893043518,-5.0,-5.166666666666667,1315.9357035672565,581.2647036386387,200000.0,200000.0
8PSK,QPSK,0.3590855896472931,-5.0,-5.233333333333333,161.73349496245646,67.30052238852768,200000.0,142857.14285714287
8PSK,BPSK,0.539730429649353,-5.0,-5.166666666666667,839.7175069950604,-949.4282528264514,200000.0,142857.14285714287
8PSK,QPSK,0.9539595246315002,0.0,0.5,748.0720049141655,-33.12489953189031,50000.0,50000.0
8PSK,QPSK,0.7368249893188477,0.0,0.0,-2104.4626106340393,-284.7111549687329,50000.0,50000.0
8PSK,QPSK,0.7060272693634033,0.0,0.016666666666666666,-1274.446529662745,-534.7475760437924,50000.0,50000.0
8PSK,QPSK,0.9521583914756775,0.0,0.03333333333333333,1047.1046631535505,27.421259241983652,50000.0,50000.0
8PSK,QPSK,0.6193425059318542,0.0,0.016666666666666666,-1404.9640349018948,-1106.5247549297317,50000.0,50000.0
8PSK,8PSK,0.8489525318145752,0.0,0.0,1864.1701706119638,1012.880743507158,76923.07692307692,76923.07692307692
8PSK,8PSK,0.6194552779197693,0.0,0.0,1342.7657660827454,708.1038030798215,76923.07692307692,76923.07692307692
8PSK,8PSK,0.5021804571151733,0.0,0.016666666666666666,-2467.555097566543,-1517.911902017428,76923.07692307692,76923.07692307692
8PSK,8PSK,0.7001801133155823,0.0,0.03333333333333333,123.43644160422582,-707.6890041015827,76923.07692307692,76923.07692307692
8PSK,8PSK,0.728583037853241,0.0,-0.016666666666666666,1974.477889828383,1038.653985448773,76923.07692307692,76923.07692307692
8PSK,8PSK,0.6888147592544556,0.0,0.0,130.42993514026557,-908.893371787324,100000.0,76923.07692307692
8PSK,8PSK,0.7636458277702332,0.0,0.03333333333333333,2180.1901465523206,1070.7280095258702,100000.0,100000.0
8PSK,8PSK,0.9010773301124573,0.0,0.016666666666666666,-2035.4883260121114,192.7219369628543,100000.0,76923.07692307692
8PSK,8PSK,0.846844494342804,0.0,0.0,2120.1711549613774,915.3587251010235,100000.0,100000.0
8PSK,8PSK,0.7652091383934021,0.0,-0.03333333333333333,-2557.7993938385675,-1445.5832982886577,100000.0,100000.0
8PSK,8PSK,0.7539408802986145,0.0,0.016666666666666666,-2490.707262485633,-378.4110956339799,125000.0,125000.0
8PSK,8PSK,0.7970216274261475,0.0,0.06666666666666667,2042.1732693811946,1054.725748630499,125000.0,125000.0
8PSK,8PSK,0.5907805562019348,0.0,0.1,2283.825427379432,882.93454687017,125000.0,125000.0
8PSK,8PSK,0.7036842107772827,0.0,0.13333333333333333,2364.170998508551,1204.0182255193438,125000.0,100000.0
8PSK,8PSK,0.6438915729522705,0.0,0.0,2565.6111205282223,595.5462431008873,125000.0,125000.0
8PSK,8PSK,0.7188094258308411,0.0,0.3333333333333333,793.5541454071031,350.84764252779104,142857.14285714287,142857.14285714287
8PSK,8PSK,0.5914190411567688,0.0,-0.05,2720.6261528990462,627.0261906339659,142857.14285714287,142857.14285714287
8PSK,QPSK,0.6776598691940308,0.0,0.48333333333333334,-1555.5258294467546,-457.8196483782098,142857.14285714287,142857.14285714287
8PSK,QPSK,0.5446981191635132,0.0,0.016666666666666666,2631.708871747973,432.8481825116497,142857.14285714287,142857.14285714287
8PSK,8PSK,0.6239668130874634,0.0,0.08333333333333333,500.0785983278306,132.78173165810574,142857.14285714287,142857.14285714287
8PSK,8PSK,0.6261141300201416,0.0,0.016666666666666666,2576.737691846628,258.65701118545326,200000.0,200000.0
8PSK,8PSK,0.5663051605224609,0.0,-0.016666666666666666,632.8898450642532,679.1036470164025,200000.0,200000.0
8PSK,QPSK,0.6906667947769165,0.0,-0.55,-81.37724281354758,442.5606051505325,200000.0,200000.0
8PSK,QPSK,0.3756014108657837,0.0,0.38333333333333336,380.0133761738698,203.9876605615083,200000.0,200000.0
8PSK,8PSK,0.46579280495643616,0.0,-0.016666666666666666,1431.5075406750766,-125.27674593159595,200000.0,200000.0
8PSK,QPSK,0.9050072431564331,5.0,5.033333333333333,1598.351943467319,1683.3990137242301,50000.0,50000.0
8PSK,QPSK,0.9678077101707458,5.0,5.016666666666667,2802.693109705081,2074.0503772968527,50000.0,76923.07692307692
8PSK,BPSK,0.5800625085830688,5.0,5.0,1247.2685579243516,141.2364428163571,50000.0,50000.0
8PSK,QPSK,0.709143877029419,5.0,5.35,2095.7075236888304,1496.8635142922326,50000.0,50000.0
8PSK,QPSK,0.5907068848609924,5.0,5.0,-1269.901391338172,-1659.1031079725092,50000.0,50000.0
8PSK,8PSK,0.8587156534194946,5.0,5.333333333333333,1760.9656078073012,2135.9956275861086,76923.07692307692,76923.07692307692
8PSK,QPSK,0.5284388661384583,5.0,6.95,2879.237341580443,1600.7567831459173,76923.07692307692,76923.07692307692
8PSK,8PSK,0.7250335812568665,5.0,5.0,-2872.8450841966173,-1865.2737590745214,76923.07692307692,76923.07692307692
8PSK,8PSK,0.8014489412307739,5.0,5.866666666666666,-2632.55704494322,-1697.2954606285289,76923.07692307692,76923.07692307692
8PSK,8PSK,0.8403568267822266,5.0,5.25,-22.286846773020443,311.58762713726196,76923.07692307692,76923.07692307692
8PSK,8PSK,0.9683510065078735,5.0,5.05,-1681.3822576362797,-1240.0568113328025,100000.0,100000.0
8PSK,8PSK,0.8700085878372192,5.0,5.05,2995.084780390963,2148.4034760357167,100000.0,100000.0
8PSK,8PSK,0.9794566035270691,5.0,5.15,-683.5080468166011,-875.7415836583913,100000.0,100000.0
8PSK,8PSK,0.8437654972076416,5.0,5.033333333333333,-1519.1099914109805,-320.7035663831566,100000.0,100000.0
8PSK,8PSK,0.6262248754501343,5.0,5.066666666666666,-1292.704230361496,-1296.9679021432216,100000.0,100000.0
8PSK,8PSK,0.9752628207206726,5.0,5.516666666666667,1171.09717208265,164.49797985653552,125000.0,125000.0
8PSK,QPSK,0.5305032730102539,5.0,5.3,1708.8918231439884,1873.3085242296875,125000.0,125000.0
8PSK,8PSK,0.9743334650993347,5.0,5.816666666666666,-1891.194567203461,-1300.8464772714233,125000.0,125000.0
8PSK,8PSK,0.9335935711860657,5.0,5.0,-392.87467293347936,-664.1211396282306,125000.0,125000.0
8PSK,8PSK,0.839301586151123,5.0,5.45,2077.975256364746,-153.041043012483,125000.0,125000.0
8PSK,8PSK,0.8589829802513123,5.0,5.033333333333333,2413.4120809607866,1060.3130209650292,142857.14285714287,142857.14285714287
8PSK,8PSK,0.7546626925468445,5.0,5.0,-1120.5612145669393,-1175.9479305490784,142857.14285714287,142857.14285714287
8PSK,8PSK,0.8831756114959717,5.0,5.0,2028.3000547387192,-1763.790852676334,142857.14285714287,142857.14285714287
8PSK,8PSK,0.9132972955703735,5.0,7.366666666666666,-1322.3284837304325,-901.2224104302717,142857.14285714287,142857.14285714287
8PSK,8PSK,0.9342341423034668,5.0,5.0,-2969.6356178304995,-1429.5214097270105,142857.14285714287,142857.14285714287
8PSK,8PSK,0.6655658483505249,5.0,5.15,1666.0940928404489,1686.4129366061752,200000.0,200000.0
8PSK,8PSK,0.7725824117660522,5.0,5.016666666666667,1823.2403182878788,-932.0109409354711,200000.0,200000.0
8PSK,QPSK,0.39602354168891907,5.0,5.016666666666667,2641.295316464112,-39.94724237175984,200000.0,200000.0
8PSK,QPSK,0.49521222710609436,5.0,5.1,-1581.2376985276985,-894.4601402294039,200000.0,200000.0
8PSK,8PSK,0.5587432384490967,5.0,5.033333333333333,-1893.077857334952,-190.23110959510905,200000.0,200000.0
8PSK,8PSK,0.6496505737304688,10.0,10.016666666666667,1543.4420261747237,1522.1035141335014,50000.0,50000.0
8PSK,QPSK,0.9920052886009216,10.0,10.0,540.9978635895704,212.89557842068683,50000.0,50000.0
8PSK,QPSK,0.9891027212142944,10.0,10.116666666666667,954.6083103240026,997.4913580127577,50000.0,50000.0
8PSK,QPSK,0.8154215216636658,10.0,10.0,-1067.2285794057484,-758.380925701141,50000.0,50000.0
8PSK,QPSK,0.5282377600669861,10.0,10.1,2706.421081533943,2472.3821730228046,50000.0,50000.0
8PSK,8PSK,0.8191608190536499,10.0,10.216666666666667,-600.6629127217461,-689.829358924559,76923.07692307692,76923.07692307692
8PSK,QPSK,0.6383774876594543,10.0,10.1,-2666.095573829015,-2462.9030447862706,76923.07692307692,76923.07692307692
8PSK,8PSK,0.7483841776847839,10.0,10.166666666666666,-2633.482528138543,-2072.4819271584884,76923.07692307692,76923.07692307692
8PSK,8PSK,0.925496518611908,10.0,10.016666666666667,-2956.1392942039515,-2270.2640204789036,76923.07692307692,76923.07692307692
8PSK,8PSK,0.6013337969779968,10.0,10.0,889.8025983411021,562.131478586668,76923.07692307692,76923.07692307692
8PSK,8PSK,0.9554949402809143,10.0,10.0,523.4116494031373,-257.64789680530333,100000.0,100000.0
8PSK,8PSK,0.9828143119812012,10.0,10.0,-240.77505698493587,-365.0914488880191,100000.0,100000.0
8PSK,8PSK,0.9745712280273438,10.0,10.016666666666667,-1845.4776423684452,-1412.6114882943643,100000.0,100000.0
8PSK,8PSK,0.9655783772468567,10.0,10.0,1167.485247973711,2041.342115437148,100000.0,100000.0
8PSK,8PSK,0.9513540267944336,10.0,10.0,-106.79482951029331,96.70928967737895,100000.0,100000.0
8PSK,8PSK,0.9777120351791382,10.0,10.0,-657.5312124098441,-930.6302534984234,125000.0,125000.0
8PSK,8PSK,0.987000048160553,10.0,10.0,-2758.9322092331117,-2202.426657480004,125000.0,125000.0
8PSK,8PSK,0.9797154664993286,10.0,10.0,2827.380650372741,1504.9870609242298,125000.0,125000.0
8PSK,8PSK,0.9757802486419678,10.0,10.0,-419.76378531636647,1455.9544167410484,125000.0,125000.0
8PSK,8PSK,0.9290496706962585,10.0,10.0,-765.4195376789171,-796.3444484612694,125000.0,125000.0
8PSK,8PSK,0.9412175416946411,10.0,10.45,447.4431766201219,-868.7587998792014,142857.14285714287,142857.14285714287
8PSK,8PSK,0.836804211139679,10.0,10.0,1375.515922189792,1225.1827287060166,142857.14285714287,142857.14285714287
8PSK,8PSK,0.7637062072753906,10.0,10.0,-945.213463969731,-1291.3907130568512,142857.14285714287,142857.14285714287
8PSK,8PSK,0.7436965107917786,10.0,10.0,810.1637240012396,1099.5539230143843,142857.14285714287,142857.14285714287
8PSK,QPSK,0.5565721988677979,10.0,10.033333333333333,768.3650152022647,39.47285098963418,142857.14285714287,142857.14285714287
8PSK,8PSK,0.5960612893104553,10.0,10.0,461.45546053924136,252.88250164327826,200000.0,200000.0
8PSK,8PSK,0.598202645778656,10.0,10.433333333333334,1482.0844520845503,94.18857077604456,200000.0,200000.0
8PSK,8PSK,0.7826555371284485,10.0,10.0,1655.2586205969892,2192.1405056438143,200000.0,200000.0
8PSK,8PSK,0.7009762525558472,10.0,10.0,-2108.5157544963595,-752.1016546804807,200000.0,200000.0
8PSK,8PSK,0.8016133308410645,10.0,10.016666666666667,343.24712808929644,1524.6452492948174,200000.0,142857.14285714287
8PSK,QPSK,0.9494572877883911,15.0,15.416666666666666,1685.9148524170496,1653.4883145661747,50000.0,50000.0
8PSK,QPSK,0.9018698334693909,15.0,15.05,640.3397192930488,411.2582751880556,50000.0,50000.0
8PSK,QPSK,0.7426276803016663,15.0,15.1,-2446.310048323449,-2129.4008560606335,50000.0,50000.0
8PSK,QPSK,0.798069417476654,15.0,15.233333333333333,89.29364080914502,657.9146171916062,50000.0,50000.0
8PSK,QPSK,0.9254885911941528,15.0,15.05,-2914.159739362939,-2593.219183477011,50000.0,50000.0
8PSK,8PSK,0.5737308263778687,15.0,15.266666666666667,-1682.2355256390472,-1667.6817349530359,76923.07692307692,76923.07692307692
8PSK,8PSK,0.7032792568206787,15.0,15.033333333333333,-218.59789975691592,-140.4220666309331,76923.07692307692,76923.07692307692
8PSK,8PSK,0.9297198057174683,15.0,15.016666666666667,1081.7364060657733,1606.518217094277,76923.07692307692,76923.07692307692
8PSK,8PSK,0.5936068296432495,15.0,15.083333333333334,2172.8335265958676,2492.1653359998522,76923.07692307692,50000.0
8PSK,8PSK,0.8260360956192017,15.0,15.083333333333334,-1727.5281127211413,-1308.7946113261655,76923.07692307692,76923.07692307692
8PSK,8PSK,0.9781539440155029,15.0,15.75,-1627.486506634319,-1517.875545162213,100000.0,100000.0
8PSK,8PSK,0.9590235948562622,15.0,15.083333333333334,-807.4948562095483,-476.6038827619299,100000.0,100000.0
8PSK,8PSK,0.9782047867774963,15.0,15.833333333333334,1313.0721987311445,1291.2929475864269,100000.0,100000.0
8PSK,8PSK,0.9886526465415955,15.0,15.016666666666667,-297.4083067459642,-248.96812801504967,100000.0,100000.0
8PSK,8PSK,0.963926374912262,15.0,15.166666666666666,626.4217295299336,1018.5841043908783,100000.0,100000.0
8PSK,8PSK,0.9717158079147339,15.0,15.016666666666667,2148.678490585039,2197.8269385150993,125000.0,125000.0
8PSK,8PSK,0.9714718461036682,15.0,15.066666666666666,1485.655949764513,1131.9380574826012,125000.0,125000.0
8PSK,8PSK,0.9518125653266907,15.0,15.066666666666666,2948.1255618698488,2606.4988941984957,125000.0,125000.0
8PSK,8PSK,0.9731460213661194,15.0,15.033333333333333,1122.6467228581396,1728.5756147041604,125000.0,125000.0
8PSK,8PSK,0.983352780342102,15.0,15.0,1597.572847037024,1287.9266971841669,125000.0,125000.0
8PSK,8PSK,0.6824371218681335,15.0,15.033333333333333,796.3524191541514,1206.1233366712968,142857.14285714287,142857.14285714287
8PSK,8PSK,0.8506035804748535,15.0,15.1,-560.293843981985,-571.9244280924918,142857.14285714287,142857.14285714287
8PSK,8PSK,0.9415865540504456,15.0,15.0,-784.3416959162837,-547.4975500546773,142857.14285714287,142857.14285714287
8PSK,8PSK,0.8831602334976196,15.0,15.0,2657.242312226429,2515.6219620057327,142857.14285714287,142857.14285714287
8PSK,8PSK,0.8731873035430908,15.0,15.016666666666667,-2508.5365533638246,-1924.4237790910238,142857.14285714287,142857.14285714287
8PSK,8PSK,0.7790685892105103,15.0,15.0,-872.3157945832313,-560.6362660418434,200000.0,200000.0
8PSK,8PSK,0.7877019047737122,15.0,15.033333333333333,2948.3264237853764,2301.3588289289646,200000.0,200000.0
8PSK,8PSK,0.6923804879188538,15.0,15.0,-1548.9012040129207,-1249.7462573177397,200000.0,200000.0
8PSK,8PSK,0.6653252840042114,15.0,15.033333333333333,1743.318017994643,214.79495529852656,200000.0,200000.0
8PSK,8PSK,0.8353587985038757,15.0,15.083333333333334,-354.2612638175242,-1525.4531869739635,200000.0,200000.0
8PSK,QPSK,0.8212611079216003,20.0,20.0,-1794.0011816954352,-1709.221451295739,50000.0,50000.0
8PSK,QPSK,0.5072959065437317,20.0,20.0,2151.935274646309,2112.14421223213,50000.0,50000.0
8PSK,QPSK,0.8992125988006592,20.0,20.0,550.7782639890484,479.3096297847478,50000.0,50000.0
8PSK,QPSK,0.9488920569419861,20.0,20.0,-800.5007457717716,-649.0054936426,50000.0,50000.0
8PSK,GFSK,0.6576142907142639,20.0,18.366666666666667,-79.87263509760032,-78.1403378036042,50000.0,50000.0
8PSK,8PSK,0.8559058308601379,20.0,20.0,2431.4618431489416,2508.0128027954993,76923.07692307692,76923.07692307692
8PSK,8PSK,0.7916218638420105,20.0,19.566666666666666,573.464832807334,467.60770628487916,76923.07692307692,76923.07692307692
8PSK,8PSK,0.7944226861000061,20.0,20.0,-2551.082919469618,-2429.937287451519,76923.07692307692,76923.07692307692
8PSK,8PSK,0.893168032169342,20.0,20.0,-935.7496286040264,-792.6951914057674,76923.07692307692,76923.07692307692
8PSK,8PSK,0.6053869724273682,20.0,20.0,-348.2099160070711,-314.1608419341885,76923.07692307692,76923.07692307692
8PSK,8PSK,0.966428279876709,20.0,20.0,-1155.3201295870979,-801.7808030973777,100000.0,100000.0
8PSK,8PSK,0.9851289987564087,20.0,20.0,-1585.9349268116828,-1790.065194324087,100000.0,100000.0
8PSK,8PSK,0.9362370371818542,20.0,20.0,2460.593366635714,2363.5500729496607,100000.0,100000.0
8PSK,8PSK,0.980828583240509,20.0,20.0,1307.4389237728092,1288.2762257225297,100000.0,100000.0
8PSK,8PSK,0.5189141035079956,20.0,20.0,-34.03216331028125,-11.525057425036557,100000.0,100000.0
8PSK,8PSK,0.9556393623352051,20.0,20.0,-566.6172612993296,-891.1621854856116,125000.0,125000.0
8PSK,8PSK,0.9635162949562073,20.0,20.0,-877.5936262738555,-622.7932454016408,125000.0,125000.0
8PSK,8PSK,0.9734936952590942,20.0,20.0,2779.1848591581147,2589.572353236916,125000.0,125000.0
8PSK,8PSK,0.9712632894515991,20.0,20.0,1131.0685067312015,1308.3999157194503,125000.0,125000.0
8PSK,8PSK,0.9687768816947937,20.0,20.0,-2814.5171581049335,-2422.1430761937518,125000.0,125000.0
8PSK,8PSK,0.891349732875824,20.0,20.0,-1720.1551487589165,-1697.3464244312697,142857.14285714287,142857.14285714287
8PSK,8PSK,0.7550837993621826,20.0,20.0,-2043.1555163709686,-1955.9455391760048,142857.14285714287,142857.14285714287
8PSK,8PSK,0.7501842975616455,20.0,20.0,2720.9749971484016,2387.9162731877373,142857.14285714287,142857.14285714287
8PSK,8PSK,0.7426815629005432,20.0,20.0,-248.0730552678956,-93.37219582436836,142857.14285714287,142857.14285714287
8PSK,8PSK,0.8383392095565796,20.0,20.0,-1169.458007018816,-1541.1605813453314,142857.14285714287,142857.14285714287
8PSK,8PSK,0.8897498846054077,20.0,20.0,274.87976421097574,310.9999583632987,200000.0,200000.0
8PSK,8PSK,0.7439004778862,20.0,20.0,-2466.818309121283,-2109.817931946928,200000.0,200000.0
8PSK,8PSK,0.662463366985321,20.0,20.0,1486.9530433516602,1624.153018532735,200000.0,142857.14285714287
8PSK,8PSK,0.8167317509651184,20.0,20.0,-1586.7607850793916,-1751.5257033249927,200000.0,200000.0
8PSK,8PSK,0.7942864298820496,20.0,20.0,-1670.540703404261,-1838.5742004102044,200000.0,200000.0
16QAM,BPSK,0.7999569773674011,-10.0,-8.316666666666666,-274.76966717923506,-265.41240565027056,50000.0,142857.14285714287
16QAM,BPSK,0.317577987909317,-10.0,-9.933333333333334,-2757.775757135515,260.8285641367787,50000.0,50000.0
16QAM,64QAM,0.29421544075012207,-10.0,-9.85,1340.0655445563334,112.78237203748354,50000.0,50000.0
16QAM,8PSK,0.455936461687088,-10.0,-9.933333333333334,91.88965304777275,-59.27114863150149,50000.0,100000.0
16QAM,64QAM,0.3441506326198578,-10.0,-9.9,2462.0597875262156,-108.08140171203266,50000.0,76923.07692307692
16QAM,64QAM,0.5468360185623169,-10.0,-9.9,-748.9739120337404,-207.11131548434076,76923.07692307692,50000.0
16QAM,64QAM,0.6050183773040771,-10.0,-10.0,1740.3518105288604,47.114465991478134,76923.07692307692,76923.07692307692
16QAM,BPSK,0.2876458466053009,-10.0,-9.783333333333333,1909.0286031390333,234.5827839165183,76923.07692307692,76923.07692307692
16QAM,QPSK,0.5306679606437683,-10.0,-9.616666666666667,301.23377478491375,532.0490884552742,76923.07692307692,100000.0
16QAM,64QAM,0.5955268740653992,-10.0,-9.783333333333333,-893.8450720715464,475.9992984098125,76923.07692307692,125000.0
16QAM,16QAM,0.3121434450149536,-10.0,-9.7,-1112.7130537169674,-70.16230886069518,100000.0,100000.0
16QAM,QPSK,0.5204280614852905,-10.0,-8.15,-1196.038064106916,-203.0667618268373,100000.0,100000.0
16QAM,8PSK,0.2640506625175476,-10.0,-9.95,2422.4416772827344,141.63702967828436,100000.0,125000.0
16QAM,BPSK,0.49231913685798645,-10.0,-9.95,852.2911049755212,-36.277292838220795,100000.0,50000.0
16QAM,64QAM,0.34506097435951233,-10.0,-9.85,-2275.2879072951546,125.27513964526801,100000.0,125000.0
16QAM,16QAM,0.31268444657325745,-10.0,-9.666666666666666,-1457.502821909006,103.21884239416666,125000.0,100000.0
16QAM,BPSK,0.7495418787002563,-10.0,-9.933333333333334,-2183.3713524036657,589.5142254473736,125000.0,125000.0
16QAM,QPSK,0.2458372414112091,-10.0,-9.933333333333334,2641.3945694530903,22.166958494769233,125000.0,100000.0
16QAM,64QAM,0.3591039478778839,-10.0,-9.85,834.3196663754957,260.9760179923216,125000.0,100000.0
16QAM,QPSK,0.43807515501976013,-10.0,-9.983333333333333,-1186.685446406389,92.5906234976019,125000.0,76923.07692307692
16QAM,64QAM,0.3328208923339844,-10.0,-9.966666666666667,1785.58437132177,-415.6814227704522,142857.14285714287,142857.14285714287
16QAM,64QAM,0.3070693016052246,-10.0,-9.95,1421.9373623186757,430.85350324296564,142857.14285714287,100000.0
16QAM,8PSK,0.31412291526794434,-10.0,-9.883333333333333,662.7877067454997,145.0543671723364,142857.14285714287,200000.0
16QAM,BPSK,0.8522888422012329,-10.0,-9.9,1904.1045892224538,-194.03469797316265,142857.14285714287,142857.14285714287
16QAM,BPSK,0.33591318130493164,-10.0,-9.966666666666667,-1448.9136920162084,42.57871851822522,142857.14285714287,125000.0
16QAM,QPSK,0.34502795338630676,-10.0,-9.883333333333333,-314.87867557551954,3.4784791553334187,200000.0,200000.0
16QAM,64QAM,0.33286067843437195,-10.0,-9.85,-2421.0813069937035,201.06238462805968,200000.0,142857.14285714287
16QAM,BPSK,0.2426353096961975,-10.0,-9.933333333333334,1213.489448668919,375.29423707355835,200000.0,200000.0
16QAM,QPSK,0.3359840512275696,-10.0,-9.966666666666667,1255.8688411723642,-41.384154494802196,200000.0,200000.0
16QAM,64QAM,0.26778122782707214,-10.0,-9.966666666666667,2791.302513473057,-39.36520269652924,200000.0,200000.0
16QAM,BPSK,0.4538837671279907,-5.0,-5.233333333333333,-2067.2062420968023,-186.33758543480064,50000.0,76923.07692307692
16QAM,64QAM,0.3054138720035553,-5.0,-5.2,-2944.9609907132694,-160.3731283522351,50000.0,50000.0
16QAM,QPSK,0.3974263370037079,-5.0,-5.0,1317.002970249554,291.9492618959697,50000.0,50000.0
16QAM,64QAM,0.46570321917533875,-5.0,-5.15,-729.4282305698293,1073.7805081836598,50000.0,50000.0
16QAM,GFSK,0.889772891998291,-5.0,-5.1,2278.0534347054163,-709.4907068168354,50000.0,50000.0
16QAM,64QAM,0.41016465425491333,-5.0,-4.916666666666667,203.6309830707205,151.181071566206,76923.07692307692,76923.07692307692
16QAM,16QAM,0.3774169683456421,-5.0,-5.1,697.8095803349142,404.6582855850018,76923.07692307692,76923.07692307692
16QAM,16QAM,0.34329482913017273,-5.0,-4.983333333333333,1148.6609936899395,558.609795589841,76923.07692307692,76923.07692307692
16QAM,8PSK,0.46243032813072205,-5.0,-4.983333333333333,2692.768551603298,-249.079789193183,76923.07692307692,76923.07692307692
16QAM,BPSK,0.508280873298645,-5.0,-5.033333333333333,2054.2726971036554,20.040423794509547,76923.07692307692,76923.07692307692
16QAM,16QAM,0.3268551230430603,-5.0,-4.983333333333333,-1624.5063946792218,-572.7822369063175,100000.0,100000.0
16QAM,QPSK,0.4447428584098816,-5.0,-5.133333333333334,-1529.0438594747243,152.59897823041862,100000.0,76923.07692307692
16QAM,8PSK,0.47218871116638184,-5.0,-5.25,-1753.1705695512615,180.91946458857828,100000.0,76923.07692307692
16QAM,QPSK,0.5223216414451599,-5.0,-5.5,-2828.636247363854,-851.1731237090135,100000.0,100000.0
16QAM,8PSK,0.6066396236419678,-5.0,-4.9,2938.7597893116617,212.35979351550841,100000.0,100000.0
16QAM,16QAM,0.42098599672317505,-5.0,-5.333333333333333,-1385.5791617195762,166.50960423075816,125000.0,100000.0
16QAM,QPSK,0.42636731266975403,-5.0,-5.383333333333334,626.8537989654774,-2.304905892908978,125000.0,125000.0
16QAM,16QAM,0.3743504583835602,-5.0,-5.033333333333333,988.8659486140182,-239.0100828777291,125000.0,125000.0
16QAM,QPSK,0.6949237585067749,-5.0,-4.866666666666666,1846.9328518204202,-450.21112972249665,125000.0,125000.0
16QAM,16QAM,0.31498295068740845,-5.0,-5.1,-2225.976304706167,196.87069226372998,125000.0,125000.0
16QAM,BPSK,0.6535760164260864,-5.0,-5.083333333333333,949.2708860617631,-619.8463406059304,142857.14285714287,200000.0
16QAM,64QAM,0.4182814359664917,-5.0,-5.083333333333333,-1289.5582835051528,-278.7859497909578,142857.14285714287,142857.14285714287
16QAM,BPSK,0.8636190295219421,-5.0,-6.6,425.7231764905405,-332.7962666671984,142857.14285714287,142857.14285714287
16QAM,64QAM,0.42605963349342346,-5.0,-5.266666666666667,380.5196873640516,-127.95444057930281,142857.14285714287,200000.0
16QAM,64QAM,0.4049248993396759,-5.0,-5.6,2296.521367775209,-450.2015388391867,142857.14285714287,200000.0
16QAM,64QAM,0.4100401997566223,-5.0,-5.4,371.33397614740534,-234.0480313901624,200000.0,200000.0
16QAM,64QAM,0.5340996980667114,-5.0,-5.333333333333333,-2534.299972218424,254.16135789816545,200000.0,200000.0
16QAM,16QAM,0.3044340908527374,-5.0,-5.316666666666666,2366.5109688469975,-63.8636728760127,200000.0,200000.0
16QAM,QPSK,0.3973524868488312,-5.0,-5.016666666666667,-2671.2627961919793,-589.2335799565717,200000.0,142857.14285714287
16QAM,8PSK,0.34015992283821106,-5.0,-5.116666666666666,2357.4208452898065,-618.7721090928184,200000.0,200000.0
16QAM,GFSK,0.6469531059265137,0.0,-0.16666666666666666,-1082.1333779406589,-641.9496342633919,50000.0,50000.0
16QAM,64QAM,0.3434089422225952,0.0,0.0,-880.8021672657292,-1225.141162453832,50000.0,50000.0
16QAM,BPSK,0.7363582849502563,0.0,0.2,1135.5979631503951,-742.8080638255752,50000.0,50000.0
16QAM,GFSK,0.9861246347427368,0.0,0.0,-2112.4104086986836,-863.9617934951588,50000.0,50000.0
16QAM,16QAM,0.6481794714927673,0.0,-0.16666666666666666,2008.557447295001,74.38002492854945,50000.0,50000.0
16QAM,16QAM,0.7260789275169373,0.0,0.016666666666666666,2001.9203891766647,-3.3941745027670525,76923.07692307692,100000.0
16QAM,16QAM,0.5487104058265686,0.0,0.0,1850.4605838309544,1134.1971894426508,76923.07692307692,76923.07692307692
16QAM,16QAM,0.5078209042549133,0.0,0.016666666666666666,1120.0348902607966,735.4053326794597,76923.07692307692,76923.07692307692
16QAM,16QAM,0.6314630508422852,0.0,-0.03333333333333333,-866.4726663816473,111.11717457653216,76923.07692307692,76923.07692307692
16QAM,16QAM,0.49836593866348267,0.0,-0.18333333333333332,-2573.670538751167,-1074.797859473076,76923.07692307692,76923.07692307692
16QAM,64QAM,0.5104727149009705,0.0,0.0,561.487656977798,115.95414589314622,100000.0,100000.0
16QAM,8PSK,0.5670938491821289,0.0,-0.13333333333333333,-2924.7795395759345,-245.06223791929926,100000.0,100000.0
16QAM,16QAM,0.6382371187210083,0.0,-0.06666666666666667,-1861.1755997580092,11.046934317471369,100000.0,125000.0
16QAM,16QAM,0.6761044859886169,0.0,-0.1,1901.1089394169094,-1359.0631114519101,100000.0,100000.0
16QAM,16QAM,0.5411422848701477,0.0,-0.15,-2360.40439483545,-72.3839975151579,100000.0,100000.0
16QAM,16QAM,0.5629454851150513,0.0,-0.1,-781.238385011346,549.0972921024837,125000.0,125000.0
16QAM,16QAM,0.6430533528327942,0.0,-0.016666666666666666,-1794.838829782612,-795.7405314256242,125000.0,125000.0
16QAM,16QAM,0.6591593027114868,0.0,-0.11666666666666667,-2122.178732873057,-26.62487106407036,125000.0,125000.0
16QAM,8PSK,0.5102567672729492,0.0,0.0,-400.9858450084271,-11.11224448190622,125000.0,125000.0
16QAM,16QAM,0.6230060458183289,0.0,0.016666666666666666,293.0555299985631,-147.15111297544695,125000.0,125000.0
16QAM,16QAM,0.5573771595954895,0.0,0.016666666666666666,-2645.358534776509,-433.8687165798599,142857.14285714287,200000.0
16QAM,16QAM,0.52656090259552,0.0,-0.05,-972.8836583837178,346.34641900123,142857.14285714287,142857.14285714287
16QAM,64QAM,0.5352287888526917,0.0,0.0,-1219.3295897329808,-666.7106470890777,142857.14285714287,142857.14285714287
16QAM,16QAM,0.5079571604728699,0.0,-0.18333333333333332,1549.4427653986259,354.6044331435325,142857.14285714287,142857.14285714287
16QAM,16QAM,0.5718246102333069,0.0,-0.016666666666666666,2652.5084635381563,1085.7330781923513,142857.14285714287,142857.14285714287
16QAM,16QAM,0.471818208694458,0.0,0.016666666666666666,-742.6600403609982,-761.6610077935554,200000.0,200000.0
16QAM,BPSK,0.3354125916957855,0.0,-0.2833333333333333,-1246.7396973556185,-417.9951055519568,200000.0,200000.0
16QAM,16QAM,0.45787081122398376,0.0,-0.16666666666666666,-1113.085488612589,-818.9973054382012,200000.0,200000.0
16QAM,8PSK,0.3443904221057892,0.0,-0.16666666666666666,1930.0314989860763,292.8498422337757,200000.0,200000.0
16QAM,16QAM,0.49984490871429443,0.0,-0.05,1918.1866911648558,922.1869891435344,200000.0,142857.14285714287
16QAM,BPSK,0.7565106153488159,5.0,5.083333333333333,-2669.747547735271,-1850.5909106078182,50000.0,50000.0
16QAM,QPSK,0.3233433961868286,5.0,5.033333333333333,1599.1208930919956,1615.582825537566,50000.0,50000.0
16QAM,BPSK,0.8103446960449219,5.0,5.066666666666666,-964.1051187921778,-670.0292514834781,50000.0,50000.0
16QAM,64QAM,0.572274923324585,5.0,4.75,1574.3260233808342,210.7149677526525,50000.0,50000.0
16QAM,16QAM,0.6142726540565491,5.0,5.15,846.5908761439969,100.18469191401066,50000.0,50000.0
16QAM,64QAM,0.5224747061729431,5.0,4.916666666666667,-2182.5783300358407,-1542.4742546666791,76923.07692307692,76923.07692307692
16QAM,16QAM,0.5954181551933289,5.0,5.0,571.1750161687851,-481.17772282541125,76923.07692307692,76923.07692307692
16QAM,64QAM,0.5521821975708008,5.0,5.283333333333333,2275.3871120152835,1158.4419364863295,76923.07692307692,76923.07692307692
16QAM,16QAM,0.6199694871902466,5.0,5.016666666666667,2275.0937581580956,1357.8953205645657,76923.07692307692,76923.07692307692
16QAM,16QAM,0.7107131481170654,5.0,5.55,1139.4512685854843,-634.875886497889,76923.07692307692,76923.07692307692
16QAM,16QAM,0.5942481160163879,5.0,5.3,1361.8624463592223,415.25746144124423,100000.0,100000.0
16QAM,64QAM,0.5832653045654297,5.0,5.333333333333333,-2078.6100192750764,-1361.5143468937613,100000.0,100000.0
16QAM,16QAM,0.7329767346382141,5.0,5.1,-427.52348389939016,-40.55442694519918,100000.0,100000.0
16QAM,16QAM,0.6341560482978821,5.0,5.333333333333333,1159.3014116929344,-701.5153044717997,100000.0,100000.0
16QAM,16QAM,0.5386794209480286,5.0,6.533333333333333,1105.292460794727,-1145.7910390360807,100000.0,100000.0
16QAM,16QAM,0.7534257173538208,5.0,5.15,2531.925873076365,1204.6842867113107,125000.0,125000.0
16QAM,16QAM,0.6126775741577148,5.0,4.633333333333334,-1769.2705664743562,193.30348135155012,125000.0,125000.0
16QAM,16QAM,0.6380346417427063,5.0,4.866666666666666,-2465.403249789591,-1251.618892690365,125000.0,125000.0
16QAM,64QAM,0.5382660031318665,5.0,5.3,-23.60492789725822,684.7079658552984,125000.0,125000.0
16QAM,64QAM,0.5899943709373474,5.0,4.866666666666666,975.9224522329041,497.82218496557834,125000.0,125000.0
16QAM,16QAM,0.6847448348999023,5.0,5.1,-51.902321877474606,-407.9730344805531,142857.14285714287,142857.14285714287
16QAM,16QAM,0.5142655968666077,5.0,5.033333333333333,2697.3857945174213,1167.724712451357,142857.14285714287,142857.14285714287
16QAM,16QAM,0.4762457609176636,5.0,5.116666666666666,366.69930191490994,342.2647853134819,142857.14285714287,142857.14285714287
16QAM,16QAM,0.6933433413505554,5.0,5.05,2896.704378005111,1370.5167628816466,142857.14285714287,142857.14285714287
16QAM,16QAM,0.5641795992851257,5.0,5.1,-2823.5325645885437,526.4452742562858,142857.14285714287,142857.14285714287
16QAM,QPSK,0.3502263128757477,5.0,4.933333333333334,1130.8612632135628,-201.47162574933952,200000.0,200000.0
16QAM,16QAM,0.6018956899642944,5.0,5.15,266.7713711080137,586.6317633918064,200000.0,200000.0
16QAM,16QAM,0.5551633834838867,5.0,5.15,-1396.8918530089215,92.87817465140365,200000.0,200000.0
16QAM,16QAM,0.6579075455665588,5.0,5.25,2310.7593327005407,393.13580828711304,200000.0,200000.0
16QAM,16QAM,0.5743111371994019,5.0,6.083333333333333,-2174.1480259558703,-1003.6866530945082,200000.0,200000.0
16QAM,BPSK,0.9555498957633972,10.0,7.183333333333334,1465.8931613538925,1324.974302258176,50000.0,50000.0
16QAM,GFSK,0.7408183813095093,10.0,12.833333333333334,-228.47037931954037,81.97959882209112,50000.0,50000.0
16QAM,16QAM,0.4101167619228363,10.0,14.766666666666667,-614.9470679852388,-65.9438502282359,50000.0,50000.0
16QAM,BPSK,0.5119351148605347,10.0,10.65,1304.3170239472784,2325.2632368297445,50000.0,50000.0
16QAM,GFSK,0.680949330329895,10.0,15.05,-285.15977255568623,-1219.8171487214627,50000.0,50000.0
16QAM,16QAM,0.5800042152404785,10.0,10.533333333333333,1193.6830401081006,1883.1934324819044,76923.07692307692,76923.07692307692
16QAM,16QAM,0.5144250988960266,10.0,10.633333333333333,1101.2494468215482,535.3551140388745,76923.07692307692,76923.07692307692
16QAM,16QAM,0.7612196207046509,10.0,16.133333333333333,-2526.740497403307,-1920.4771378043913,76923.07692307692,76923.07692307692
16QAM,16QAM,0.5533556938171387,10.0,12.266666666666667,532.2963787538952,1174.8794802147575,76923.07692307692,76923.07692307692
16QAM,64QAM,0.5365875959396362,10.0,12.366666666666667,-2850.6931336794155,-2461.941762062728,76923.07692307692,76923.07692307692
16QAM,16QAM,0.6925302147865295,10.0,13.2,-1163.7510505062774,-1876.4062341947135,100000.0,100000.0
16QAM,16QAM,0.6423711180686951,10.0,10.316666666666666,-1926.38580825069,-1767.8417733688102,100000.0,100000.0
16QAM,64QAM,0.5122847557067871,10.0,10.416666666666666,-2899.145053102312,-2322.24532195613,100000.0,100000.0
16QAM,16QAM,0.5549212098121643,10.0,9.65,-1980.63292305842,-1902.5413788133526,100000.0,100000.0
16QAM,16QAM,0.8186764717102051,10.0,11.383333333333333,-1035.7838608557302,-1690.4250759351607,100000.0,100000.0
16QAM,16QAM,0.8211380243301392,10.0,11.583333333333334,2624.153079766701,2027.0111607009649,125000.0,125000.0
16QAM,16QAM,0.7457977533340454,10.0,13.1,624.093166634138,1184.7375235103486,125000.0,125000.0
16QAM,16QAM,0.7034223079681396,10.0,12.416666666666666,173.949242025873,-45.23904554603889,125000.0,125000.0
16QAM,16QAM,0.7039717435836792,10.0,14.733333333333333,2084.884296217435,1184.0034005625312,125000.0,125000.0
16QAM,16QAM,0.770627498626709,10.0,14.283333333333333,991.9694159983401,28.551532601180405,125000.0,125000.0
16QAM,16QAM,0.6757868528366089,10.0,10.516666666666667,-1732.1790666845573,1453.857779358874,142857.14285714287,142857.14285714287
16QAM,16QAM,0.7787228226661682,10.0,10.066666666666666,206.77011434891483,834.3692797609119,142857.14285714287,142857.14285714287
16QAM,16QAM,0.5776052474975586,10.0,9.8,-2517.7513571093077,-1101.6564117277728,142857.14285714287,142857.14285714287
16QAM,16QAM,0.5232738852500916,10.0,10.433333333333334,-2191.0715287062767,-1861.9721446716221,142857.14285714287,142857.14285714287
16QAM,16QAM,0.6122922897338867,10.0,11.283333333333333,1471.2255922112072,-616.5856654890965,142857.14285714287,142857.14285714287
16QAM,16QAM,0.6793815493583679,10.0,12.15,140.0931544750897,-183.69312353430195,200000.0,200000.0
16QAM,16QAM,0.5600535273551941,10.0,11.466666666666667,656.9404369254189,-304.8410019190253,200000.0,200000.0
16QAM,16QAM,0.603778600692749,10.0,10.033333333333333,2915.7478513042533,923.9996968247013,200000.0,200000.0
16QAM,16QAM,0.5842980146408081,10.0,10.866666666666667,1517.8324451984745,-176.23936285218522,200000.0,200000.0
16QAM,64QAM,0.5194903612136841,10.0,10.116666666666667,-2087.7115879338035,-1260.9055019836778,200000.0,200000.0
16QAM,GFSK,0.9843400716781616,15.0,18.466666666666665,-774.0762207645785,-1075.1777214120632,50000.0,50000.0
16QAM,GFSK,0.34150272607803345,15.0,17.0,1222.4563990855477,790.693171473979,50000.0,50000.0
16QAM,16QAM,0.38128870725631714,15.0,16.566666666666666,-2511.7793304256224,-2348.7031887502562,50000.0,50000.0
16QAM,GFSK,0.9985876083374023,15.0,18.416666666666668,1764.6777483100868,1987.9332546590488,50000.0,50000.0
16QAM,GFSK,0.7518415451049805,15.0,16.45,-705.8434373804407,-827.7510533366992,50000.0,50000.0
16QAM,64QAM,0.561358630657196,15.0,17.316666666666666,-2369.6963203137575,-2246.769499332287,76923.07692307692,76923.07692307692
16QAM,16QAM,0.6511235237121582,15.0,16.7,-2492.381616279543,-2202.533440937283,76923.07692307692,76923.07692307692
16QAM,16QAM,0.6477797627449036,15.0,15.25,-240.1513518337747,-129.32231244377382,76923.07692307692,76923.07692307692
16QAM,16QAM,0.8459236025810242,15.0,18.533333333333335,2819.4704907358337,2608.3743861243615,76923.07692307692,76923.07692307692
16QAM,64QAM,0.6231576204299927,15.0,16.583333333333332,-1667.7557328114467,-1081.6631997057411,76923.07692307692,76923.07692307692
16QAM,16QAM,0.6462709903717041,15.0,16.233333333333334,1099.5015045909213,1608.5319239050427,100000.0,100000.0
16QAM,16QAM,0.7284705638885498,15.0,16.033333333333335,1467.3551845625161,1474.8865967987365,100000.0,100000.0
16QAM,16QAM,0.6465541124343872,15.0,15.833333333333334,-1123.7899720476357,-1625.621498316152,100000.0,100000.0
16QAM,16QAM,0.6105718016624451,15.0,16.766666666666666,2732.2341098733978,2332.9030149150417,100000.0,100000.0
16QAM,16QAM,0.5560030937194824,15.0,17.316666666666666,2934.5134778701167,2635.3403130993825,100000.0,100000.0
16QAM,16QAM,0.714085578918457,15.0,17.15,-2581.0699342964167,-2089.885720435017,125000.0,125000.0
16QAM,16QAM,0.7340257167816162,15.0,16.633333333333333,-2629.3787044585415,-2017.7692203317401,125000.0,125000.0
16QAM,16QAM,0.6104370355606079,15.0,15.783333333333333,-2434.529467260804,-1510.5769563473289,125000.0,125000.0
16QAM,16QAM,0.6756710410118103,15.0,16.266666666666666,-1272.8362589999829,-974.6802728029871,125000.0,125000.0
16QAM,16QAM,0.7663618922233582,15.0,18.3,-1155.373070380034,-735.6885908775984,125000.0,125000.0
16QAM,16QAM,0.6256170272827148,15.0,17.066666666666666,1986.1469942813756,1646.778296565917,142857.14285714287,142857.14285714287
16QAM,16QAM,0.6429149508476257,15.0,17.766666666666666,1565.6303952318003,1613.38427809144,142857.14285714287,142857.14285714287
16QAM,16QAM,0.7489134073257446,15.0,16.083333333333332,14.225992711717936,1721.125277073105,142857.14285714287,142857.14285714287
16QAM,16QAM,0.4266388416290283,15.0,15.6,360.6600179200482,392.9889988766525,142857.14285714287,142857.14285714287
16QAM,16QAM,0.6234119534492493,15.0,16.716666666666665,-2196.3234611537423,-2153.8447443306154,142857.14285714287,142857.14285714287
16QAM,16QAM,0.5999009013175964,15.0,14.233333333333333,1520.8625770658964,1613.1527446083562,200000.0,200000.0
16QAM,16QAM,0.5782357454299927,15.0,16.083333333333332,522.6634700885161,365.53181962954744,200000.0,200000.0
16QAM,16QAM,0.4010598659515381,15.0,16.933333333333334,2671.232487642381,1371.6191428686195,200000.0,200000.0
16QAM,16QAM,0.5550461411476135,15.0,13.716666666666667,1647.3864357729317,1581.0045431410329,200000.0,200000.0
16QAM,16QAM,0.6124773621559143,15.0,17.283333333333335,-651.6537196135369,-667.8143298751523,200000.0,200000.0
16QAM,BPSK,0.8828666806221008,20.0,18.533333333333335,82.13247204788559,278.4175236347265,50000.0,50000.0
16QAM,GFSK,0.9747940897941589,20.0,19.116666666666667,-1856.6818952148476,-1806.9971062273655,50000.0,50000.0
16QAM,BPSK,0.7797636985778809,20.0,18.633333333333333,515.6579662131171,421.8552577820872,50000.0,50000.0
16QAM,16QAM,0.3861202895641327,20.0,18.783333333333335,1624.7311981844705,1469.6369635438675,50000.0,50000.0
16QAM,GFSK,0.7455381751060486,20.0,18.1,2330.303516111865,2466.226664252279,50000.0,50000.0
16QAM,64QAM,0.5658226609230042,20.0,19.5,2486.882182792585,2199.6950608973502,76923.07692307692,76923.07692307692
16QAM,8PSK,0.7983691096305847,20.0,13.8,2376.8779508246516,2189.2920297497567,76923.07692307692,76923.07692307692
16QAM,16QAM,0.5587249994277954,20.0,18.466666666666665,-2342.854969175505,-2241.9639589706567,76923.07692307692,76923.07692307692
16QAM,16QAM,0.7966715693473816,20.0,19.033333333333335,1474.8498418177787,1534.8099381320808,76923.07692307692,76923.07692307692
16QAM,16QAM,0.6928207874298096,20.0,16.333333333333332,362.4937900798086,248.129590797141,76923.07692307692,76923.07692307692
16QAM,16QAM,0.7733036875724792,20.0,19.783333333333335,2166.93521278751,2545.664397073333,100000.0,100000.0
16QAM,16QAM,0.7167301177978516,20.0,19.466666666666665,875.487724991207,944.0899894911014,100000.0,100000.0
16QAM,16QAM,0.8210621476173401,20.0,17.3,1920.6510734872254,1911.536426533788,100000.0,76923.07692307692
16QAM,16QAM,0.7411583065986633,20.0,19.033333333333335,87.80730591881047,-318.4650465046584,100000.0,100000.0
16QAM,16QAM,0.8231186270713806,20.0,15.983333333333333,141.9921762745862,165.81208681224217,100000.0,100000.0
16QAM,16QAM,0.7605000734329224,20.0,18.716666666666665,241.29509038112337,661.0065950373673,125000.0,125000.0
16QAM,16QAM,0.5145828127861023,20.0,19.366666666666667,1107.4729857829097,1073.583087632043,125000.0,125000.0
16QAM,16QAM,0.7771626114845276,20.0,19.833333333333332,-497.71450020265365,-739.2622930602555,125000.0,125000.0
16QAM,16QAM,0.6612696051597595,20.0,19.216666666666665,-870.3510356817469,-1031.0518716107115,125000.0,125000.0
16QAM,16QAM,0.772848904132843,20.0,19.383333333333333,1844.230608940722,1452.4030330645005,125000.0,125000.0
16QAM,16QAM,0.6257952451705933,20.0,19.3,1857.7095351189528,1771.152654624942,142857.14285714287,142857.14285714287
16QAM,16QAM,0.8014081120491028,20.0,19.533333333333335,-1110.5559812805689,-1226.7237006144585,142857.14285714287,142857.14285714287
16QAM,16QAM,0.7380408048629761,20.0,19.4,-2558.8599722673116,-2307.6489778217156,142857.14285714287,142857.14285714287
16QAM,16QAM,0.5852487683296204,20.0,19.316666666666666,-547.1751520913872,-514.6572429408185,142857.14285714287,142857.14285714287
16QAM,16QAM,0.7475237846374512,20.0,19.466666666666665,2500.603654451057,2486.31578196051,142857.14285714287,142857.14285714287
16QAM,16QAM,0.5710213780403137,20.0,18.583333333333332,-1677.8538946412955,-1514.2117383165348,200000.0,200000.0
16QAM,16QAM,0.6299320459365845,20.0,19.566666666666666,-1214.8358618120508,-968.1116609779082,200000.0,200000.0
16QAM,8PSK,0.49249422550201416,20.0,19.733333333333334,848.4067340480824,642.1430886387317,200000.0,200000.0
16QAM,16QAM,0.6509961485862732,20.0,19.65,2683.3951493764453,2284.4048349429913,200000.0,200000.0
16QAM,16QAM,0.598647952079773,20.0,19.0,1532.7277785151682,848.6420496405174,200000.0,200000.0
64QAM,BPSK,0.7067712545394897,-10.0,-9.7,-721.3783586771801,-427.82783808903133,50000.0,50000.0
64QAM,QPSK,0.3274787664413452,-10.0,-9.833333333333334,-62.021035512795606,512.2602930822386,50000.0,76923.07692307692
64QAM,BPSK,0.524360179901123,-10.0,-9.95,1261.5576009894476,744.1646201499195,50000.0,50000.0
64QAM,BPSK,0.39532655477523804,-10.0,-9.966666666666667,1228.327002297946,21.461915212467193,50000.0,50000.0
64QAM,QPSK,0.46645721793174744,-10.0,-9.883333333333333,-1597.6329496500775,257.41388971894366,50000.0,76923.07692307692
64QAM,BPSK,0.8312844038009644,-10.0,-9.916666666666666,-1293.3239189385006,-281.9352237453537,76923.07692307692,50000.0
64QAM,BPSK,0.7342643141746521,-10.0,-10.0,-372.46129096292134,-46.819383630251465,76923.07692307692,50000.0
64QAM,64QAM,0.43713414669036865,-10.0,-9.8,624.7959170541062,255.99568768268495,76923.07692307692,50000.0
64QAM,8PSK,0.277660995721817,-10.0,-9.883333333333333,873.7378450074257,-216.03252672071375,76923.07692307692,100000.0
64QAM,8PSK,0.2668524384498596,-10.0,-9.9,1630.3136469682995,-80.73371398209855,76923.07692307692,50000.0
64QAM,64QAM,0.34255844354629517,-10.0,-9.966666666666667,2749.417924987808,172.37485216102624,100000.0,76923.07692307692
64QAM,BPSK,0.8608140349388123,-10.0,-9.933333333333334,2193.648120358487,37.28425235547611,100000.0,50000.0
64QAM,64QAM,0.33207768201828003,-10.0,-9.833333333333334,2531.4314667283315,26.698093983329137,100000.0,142857.14285714287
64QAM,BPSK,0.4190659523010254,-10.0,-9.683333333333334,2436.6979509457915,-146.80633111560854,100000.0,125000.0
64QAM,64QAM,0.25971338152885437,-10.0,-9.8,2732.3815756238682,-356.8765439289639,100000.0,200000.0
64QAM,BPSK,0.30539751052856445,-10.0,-9.6,-2205.149160925913,270.73352432043356,125000.0,142857.14285714287
64QAM,BPSK,0.3400164246559143,-10.0,-9.866666666666667,2581.359520096952,726.3476563334992,125000.0,200000.0
64QAM,QPSK,0.5612253546714783,-10.0,-9.966666666666667,2192.867486999181,355.66616817274365,125000.0,76923.07692307692
64QAM,64QAM,0.43128064274787903,-10.0,-9.916666666666666,2973.335576301143,121.80025096106255,125000.0,76923.07692307692
64QAM,BPSK,0.4684213697910309,-10.0,-9.966666666666667,-1281.0535400538745,-18.485162927134112,125000.0,100000.0
64QAM,BPSK,0.3490368723869324,-10.0,-9.983333333333333,984.1493913909208,311.4211155133875,142857.14285714287,200000.0
64QAM,64QAM,0.3785580098628998,-10.0,-9.833333333333334,-1978.4816348596808,-204.76781204999196,142857.14285714287,100000.0
64QAM,QPSK,0.4431098401546478,-10.0,-9.933333333333334,1312.4798911587823,-19.21761957608322,142857.14285714287,200000.0
64QAM,8PSK,0.26864635944366455,-10.0,-9.883333333333333,-924.9608079659652,314.0637174879277,142857.14285714287,142857.14285714287
64QAM,64QAM,0.28747186064720154,-10.0,-9.95,2462.1899178253707,221.12417536439534,142857.14285714287,200000.0
64QAM,8PSK,0.32726362347602844,-10.0,-9.95,1356.9709750136344,223.67579590646477,200000.0,142857.14285714287
64QAM,64QAM,0.36840882897377014,-10.0,-9.566666666666666,2585.573904905308,-94.73705086946315,200000.0,200000.0
64QAM,BPSK,0.3455464541912079,-10.0,-9.833333333333334,-2096.398951907503,346.68326177649084,200000.0,125000.0
64QAM,64QAM,0.34573525190353394,-10.0,-9.916666666666666,2768.8063755622225,89.40633553088803,200000.0,200000.0
64QAM,BPSK,0.5625036954879761,-10.0,-9.533333333333333,-1347.878068566563,-91.01969048188167,200000.0,125000.0
64QAM,QPSK,0.5730864405632019,-5.0,-4.95,2517.842795253633,-750.7917000035745,50000.0,50000.0
64QAM,64QAM,0.34455326199531555,-5.0,-5.1,2630.102431936609,410.3855891188191,50000.0,50000.0
64QAM,16QAM,0.40669775009155273,-5.0,-5.133333333333334,882.5926452963472,-117.34363664925615,50000.0,50000.0
64QAM,16QAM,0.26666906476020813,-5.0,-4.933333333333334,589.7391491726253,-780.7153473883774,50000.0,50000.0
64QAM,QPSK,0.3912007212638855,-5.0,-4.983333333333333,48.50086680483173,543.1274320299169,50000.0,50000.0
64QAM,BPSK,0.4471181333065033,-5.0,-5.2,-2913.8926579821045,-358.8178581664472,76923.07692307692,76923.07692307692
64QAM,QPSK,0.30210986733436584,-5.0,-5.083333333333333,-1456.290948480255,503.9519386481326,76923.07692307692,100000.0
64QAM,QPSK,0.28449612855911255,-5.0,-5.133333333333334,-2471.7276920160602,-911.8165512569191,76923.07692307692,50000.0
64QAM,8PSK,0.4306572377681732,-5.0,-4.966666666666667,-307.3693756941011,-541.4080107598776,76923.07692307692,76923.07692307692
64QAM,BPSK,0.9420369267463684,-5.0,-5.4,1115.970019550421,537.9543468868067,76923.07692307692,100000.0
64QAM,16QAM,0.5328541398048401,-5.0,-4.983333333333333,-277.3645202932348,50.56799905571096,100000.0,100000.0
64QAM,16QAM,0.5293504595756531,-5.0,-5.15,-2122.7603914941496,210.59346126005886,100000.0,100000.0
64QAM,16QAM,0.3838389813899994,-5.0,-5.116666666666666,-1078.2618612952908,31.378847969839498,100000.0,100000.0
64QAM,16QAM,0.3422594368457794,-5.0,-5.0,-2109.029609460319,-256.3576448300254,100000.0,125000.0
64QAM,64QAM,0.5153186917304993,-5.0,-5.133333333333334,-574.8203160592484,62.360832949755924,100000.0,76923.07692307692
64QAM,16QAM,0.4780329763889313,-5.0,-5.083333333333333,-1616.258766938566,153.8466358768772,125000.0,142857.14285714287
64QAM,16QAM,0.5627753734588623,-5.0,-5.033333333333333,1702.0762426359115,-340.3018706176143,125000.0,125000.0
64QAM,16QAM,0.372971773147583,-5.0,-5.05,-823.7361483083632,86.54903216471331,125000.0,142857.14285714287
64QAM,64QAM,0.6769420504570007,-5.0,-5.1,1692.6754541740765,-34.79502927122411,125000.0,125000.0
64QAM,QPSK,0.37217557430267334,-5.0,-4.65,1609.4310311861518,-689.3275990065385,125000.0,125000.0
64QAM,16QAM,0.3887188136577606,-5.0,-4.166666666666667,487.66947443936715,7.189366369440126,142857.14285714287,125000.0
64QAM,QPSK,0.383251428604126,-5.0,-5.033333333333333,-2620.321461889326,335.9791440390676,142857.14285714287,142857.14285714287
64QAM,BPSK,0.43854981660842896,-5.0,-8.533333333333333,761.6168624893776,-763.4839288251444,142857.14285714287,142857.14285714287
64QAM,BPSK,0.7109255790710449,-5.0,-5.333333333333333,2642.0164957380075,-231.90338850308856,142857.14285714287,142857.14285714287
64QAM,QPSK,0.4189448356628418,-5.0,-5.1,-2298.2481320062707,151.53478581394802,142857.14285714287,142857.14285714287
64QAM,16QAM,0.3837050795555115,-5.0,-5.55,2412.7654691675543,-421.66067723126747,200000.0,200000.0
64QAM,BPSK,0.33653274178504944,-5.0,-5.183333333333334,2758.669118220986,-7.318188483628383,200000.0,200000.0
64QAM,QPSK,0.39943331480026245,-5.0,-5.1,1537.6386695458123,34.41440489961732,200000.0,200000.0
64QAM,BPSK,0.6189978718757629,-5.0,-5.15,759.5200029000066,138.62656825933263,200000.0,200000.0
64QAM,16QAM,0.2925249934196472,-5.0,-5.133333333333334,-951.9254183159624,-271.5996390139297,200000.0,200000.0
64QAM,64QAM,0.5286188721656799,0.0,0.0,859.650189558673,64.22784711580417,50000.0,50000.0
64QAM,BPSK,0.7730834484100342,0.0,0.016666666666666666,1376.252922499395,1066.1540286334448,50000.0,50000.0
64QAM,GFSK,0.8081400990486145,0.0,-0.2833333333333333,-2868.059915325889,-1412.3929942652915,50000.0,50000.0
64QAM,16QAM,0.4521915316581726,0.0,-0.05,-521.1145633701799,-1499.0239506664263,50000.0,50000.0
64QAM,64QAM,0.6793773174285889,0.0,-0.11666666666666667,2474.4197540546675,1006.8427220010745,50000.0,50000.0
64QAM,16QAM,0.5461107492446899,0.0,-0.23333333333333334,-1151.9800729554872,291.38047476848163,76923.07692307692,76923.07692307692
64QAM,16QAM,0.5331990122795105,0.0,-0.21666666666666667,2289.6326165107175,-943.1252296177294,76923.07692307692,76923.07692307692
64QAM,16QAM,0.5008342862129211,0.0,-0.2,-1493.595545632396,-1118.9122493560212,76923.07692307692,76923.07692307692
64QAM,64QAM,0.5733990669250488,0.0,-0.06666666666666667,2300.1683022989255,-257.80536346451123,76923.07692307692,76923.07692307692
64QAM,16QAM,0.49535471200942993,0.0,-0.13333333333333333,782.2278060352141,246.0620507062857,76923.07692307692,76923.07692307692
64QAM,64QAM,0.5517606735229492,0.0,-0.21666666666666667,913.7073066176949,252.92876050319967,100000.0,100000.0
64QAM,16QAM,0.5933429598808289,0.0,-0.11666666666666667,-2750.426196902363,-337.03125695778164,100000.0,100000.0
64QAM,16QAM,0.6747291088104248,0.0,0.0,2306.1121250787664,37.422983872781685,100000.0,125000.0
64QAM,8PSK,0.42060020565986633,0.0,-0.1,1285.6713156462938,-795.8731804144386,100000.0,100000.0
64QAM,QPSK,0.43126651644706726,0.0,0.0,1150.094142029423,969.8200244664696,100000.0,100000.0
64QAM,16QAM,0.5037522315979004,0.0,-0.5,441.5864155586496,-622.1099274473256,125000.0,125000.0
64QAM,16QAM,0.5905157327651978,0.0,0.03333333333333333,1032.6627501452967,-208.95233792154588,125000.0,125000.0
64QAM,16QAM,0.500012218952179,0.0,-0.08333333333333333,1952.8808238504407,780.2051646457564,125000.0,100000.0
64QAM,64QAM,0.5186683535575867,0.0,-0.7333333333333333,-2503.9805267698944,-1032.5046773425977,125000.0,125000.0
64QAM,16QAM,0.5345507264137268,0.0,-0.38333333333333336,-156.46381587291353,705.7608769944835,125000.0,125000.0
64QAM,64QAM,0.599559485912323,0.0,-0.4666666666666667,-1285.1018944738275,566.5910410320878,142857.14285714287,142857.14285714287
64QAM,16QAM,0.5137487053871155,0.0,-0.7833333333333333,-1314.4985278902398,-521.1689149481797,142857.14285714287,142857.14285714287
64QAM,64QAM,0.514809250831604,0.0,-0.35,-1024.4475901213302,134.2868573184034,142857.14285714287,142857.14285714287
64QAM,8PSK,0.6748437285423279,0.0,-0.08333333333333333,-1606.3145005476229,347.91851486973684,142857.14285714287,142857.14285714287
64QAM,16QAM,0.354181706905365,0.0,-0.23333333333333334,-2674.3834235039885,-833.3870687188523,142857.14285714287,142857.14285714287
64QAM,16QAM,0.5089601874351501,0.0,-0.8833333333333333,-222.49476366900126,-534.6703355895064,200000.0,200000.0
64QAM,16QAM,0.4483920931816101,0.0,-1.2666666666666666,-1857.2578792619786,-406.65700455883854,200000.0,200000.0
64QAM,8PSK,0.6154084801673889,0.0,0.05,-255.1701413234964,456.0427992486606,200000.0,200000.0
64QAM,16QAM,0.4439694881439209,0.0,-0.6333333333333333,2174.252440552399,522.10473711578,200000.0,200000.0
64QAM,64QAM,0.5093399286270142,0.0,-0.2,-2696.795502053031,-955.9079174425949,200000.0,200000.0
64QAM,GFSK,0.9565520882606506,5.0,5.216666666666667,-177.22838939214625,-260.1031856270438,50000.0,50000.0
64QAM,BPSK,0.980620265007019,5.0,5.616666666666666,1247.3252745747932,1404.2448672846078,50000.0,50000.0
64QAM,BPSK,0.4348740875720978,5.0,5.6,42.9926814383266,-491.00829023945187,50000.0,50000.0
64QAM,64QAM,0.38743045926094055,5.0,4.716666666666667,2788.6485130498922,1975.3851194340405,50000.0,50000.0
64QAM,16QAM,0.4261409342288971,5.0,5.2,2716.3146867324012,1206.1764398159637,50000.0,50000.0
64QAM,64QAM,0.6581711769104004,5.0,4.95,2130.8585481490827,1002.367914326646,76923.07692307692,76923.07692307692
64QAM,64QAM,0.5363517999649048,5.0,5.0,-2815.7681385159026,-1672.590406263322,76923.07692307692,76923.07692307692
64QAM,16QAM,0.7171076536178589,5.0,5.233333333333333,2282.1449507056877,1736.7493206881702,76923.07692307692,76923.07692307692
64QAM,64QAM,0.5598694086074829,5.0,4.9,-2143.701118130835,-1523.7690123414138,76923.07692307692,76923.07692307692
64QAM,16QAM,0.5954126715660095,5.0,5.65,-2498.2058807472804,-1432.140200959232,76923.07692307692,76923.07692307692
64QAM,16QAM,0.8228354454040527,5.0,5.3,-64.0092523222188,-286.57138499373696,100000.0,100000.0
64QAM,64QAM,0.5201881527900696,5.0,5.066666666666666,-2593.5070415385903,-1168.220353945268,100000.0,100000.0
64QAM,64QAM,0.5681818127632141,5.0,5.05,-2025.9559598386536,-1608.7676241701533,100000.0,100000.0
64QAM,16QAM,0.6462928056716919,5.0,5.35,-2734.935367898576,-1658.535543846667,100000.0,100000.0
64QAM,64QAM,0.5298699736595154,5.0,5.016666666666667,-2472.3306236263916,-1069.4431705793786,100000.0,76923.07692307692
64QAM,16QAM,0.5480964779853821,5.0,4.533333333333333,2403.4514470655577,1165.2717707985703,125000.0,125000.0
64QAM,16QAM,0.5774429440498352,5.0,4.95,831.6404445307353,301.1457749487422,125000.0,125000.0
64QAM,64QAM,0.6783910393714905,5.0,4.833333333333333,351.56205257422243,671.522013352807,125000.0,125000.0
64QAM,64QAM,0.60609370470047,5.0,5.016666666666667,2599.5462837082405,1306.5353124987214,125000.0,125000.0
64QAM,16QAM,0.5299863815307617,5.0,4.883333333333334,-315.6528381790208,-363.5723695204766,125000.0,125000.0
64QAM,64QAM,0.5117109417915344,5.0,4.95,1195.0961924507255,-474.6423558579847,142857.14285714287,142857.14285714287
64QAM,64QAM,0.5402242541313171,5.0,5.066666666666666,-1845.3035752983253,-642.2955164714712,142857.14285714287,142857.14285714287
64QAM,64QAM,0.532200038433075,5.0,4.666666666666667,-2668.124588603735,-354.0793717712181,142857.14285714287,142857.14285714287
64QAM,16QAM,0.5928121209144592,5.0,5.6,-798.1150515210861,528.0231486635469,142857.14285714287,142857.14285714287
64QAM,64QAM,0.5757975578308105,5.0,4.716666666666667,2026.2437778243911,871.9516989297963,142857.14285714287,142857.14285714287
64QAM,64QAM,0.5214937329292297,5.0,5.283333333333333,-2597.426269293366,-687.2876240634283,200000.0,200000.0
64QAM,16QAM,0.6318448781967163,5.0,4.916666666666667,338.2933124633255,-313.3400761596387,200000.0,200000.0
64QAM,16QAM,0.604999840259552,5.0,5.0,1356.0151335026285,2.4635046578042976,200000.0,200000.0
64QAM,64QAM,0.6139488816261292,5.0,3.6666666666666665,-649.2323497414222,-757.3000088311192,200000.0,200000.0
64QAM,16QAM,0.5209118127822876,5.0,5.016666666666667,-2378.5963006685965,496.1883350557189,200000.0,200000.0
64QAM,64QAM,0.6551557183265686,10.0,10.916666666666666,-2841.3497782318486,-2341.4976465677473,50000.0,50000.0
64QAM,64QAM,0.3595746159553528,10.0,10.116666666666667,2651.939151472915,2053.6668885405834,50000.0,50000.0
64QAM,64QAM,0.5997723340988159,10.0,9.75,-1353.117227068201,-1315.3661526703715,50000.0,50000.0
64QAM,GFSK,0.8691079020500183,10.0,13.616666666666667,-658.581523652821,-80.74089243419118,50000.0,50000.0
64QAM,BPSK,0.9532871842384338,10.0,14.2,-1702.8631149315195,-1115.9812692234527,50000.0,50000.0
64QAM,64QAM,0.5634504556655884,10.0,11.65,563.4767999760338,592.8255961391352,76923.07692307692,76923.07692307692
64QAM,16QAM,0.6374964714050293,10.0,10.466666666666667,-215.96280126412466,-1118.624647828584,76923.07692307692,76923.07692307692
64QAM,64QAM,0.600896418094635,10.0,7.15,1976.8751415083152,1654.862505841653,76923.07692307692,76923.07692307692
64QAM,64QAM,0.5108665823936462,10.0,10.566666666666666,1919.0873624552269,1874.5925027845065,76923.07692307692,76923.07692307692
64QAM,64QAM,0.6073200702667236,10.0,10.6,-290.6224455204856,-291.77295358601856,76923.07692307692,76923.07692307692
64QAM,16QAM,0.6937671303749084,10.0,12.55,-2980.222035407923,-2163.4652787760747,100000.0,100000.0
64QAM,16QAM,0.5925673246383667,10.0,10.6,-1463.5262315910707,-1675.0126460555332,100000.0,100000.0
64QAM,16QAM,0.8386886715888977,10.0,10.633333333333333,-428.3346804631492,-1238.4930976208293,100000.0,100000.0
64QAM,16QAM,0.5615850687026978,10.0,10.483333333333333,-2471.6860094118556,-2171.0917405040586,100000.0,100000.0
64QAM,64QAM,0.6266719698905945,10.0,9.95,2751.6410722543296,2189.8012098728923,100000.0,100000.0
64QAM,64QAM,0.5782493352890015,10.0,9.983333333333333,-242.96082770200474,-670.686231488992,125000.0,125000.0
64QAM,16QAM,0.5325704216957092,10.0,10.066666666666666,1657.1089114522265,955.9622204929743,125000.0,125000.0
64QAM,64QAM,0.5818368792533875,10.0,9.116666666666667,2081.129277815976,1398.4509571541605,125000.0,125000.0
64QAM,64QAM,0.5991754531860352,10.0,10.65,1861.7194638770725,1851.5974543565471,125000.0,125000.0
64QAM,16QAM,0.6659414172172546,10.0,13.433333333333334,-64.04965844578692,216.46882639716137,125000.0,125000.0
64QAM,16QAM,0.5794186592102051,10.0,9.783333333333333,-2782.5009129905243,-1917.8579099115927,142857.14285714287,142857.14285714287
64QAM,64QAM,0.517304003238678,10.0,8.166666666666666,-780.4510944774729,1113.7973710114106,142857.14285714287,142857.14285714287
64QAM,16QAM,0.5401232838630676,10.0,8.033333333333333,1793.0559568267163,1585.9957276626362,142857.14285714287,142857.14285714287
64QAM,16QAM,0.7602336406707764,10.0,10.55,526.8737860548008,-594.7538904812242,142857.14285714287,142857.14285714287
64QAM,16QAM,0.5312767624855042,10.0,10.1,-201.76382889035358,253.07094414678627,142857.14285714287,142857.14285714287
64QAM,64QAM,0.6231086254119873,10.0,11.8,1873.6620674778987,1180.4777022723447,200000.0,200000.0
64QAM,16QAM,0.6294476389884949,10.0,10.416666666666666,-2602.446225752001,-969.1133321761114,200000.0,200000.0
64QAM,64QAM,0.60275799036026,10.0,7.883333333333334,-2103.6968505870423,-1123.4617505990345,200000.0,200000.0
64QAM,16QAM,0.688666820526123,10.0,8.866666666666667,956.128159096188,1586.8128093713976,200000.0,200000.0
64QAM,16QAM,0.49702736735343933,10.0,10.05,-2516.7127140116136,-352.22457519494094,200000.0,200000.0
64QAM,16QAM,0.4955183267593384,15.0,14.266666666666667,2623.526049239983,2593.752083715655,50000.0,50000.0
64QAM,64QAM,0.46339577436447144,15.0,12.433333333333334,-262.38162181339067,-90.86778011685011,50000.0,50000.0
64QAM,BPSK,0.502071738243103,15.0,15.716666666666667,-1749.1638132724788,-1573.4090883260887,50000.0,50000.0
64QAM,GFSK,0.3853464424610138,15.0,15.616666666666667,-1257.337995029929,-836.9939977005353,50000.0,50000.0
64QAM,64QAM,0.4937606751918793,15.0,13.166666666666666,-2588.7661691254734,-2428.7106298227664,50000.0,50000.0
64QAM,16QAM,0.5168854594230652,15.0,13.633333333333333,-1047.5872094978365,-925.4604203555972,76923.07692307692,76923.07692307692
64QAM,64QAM,0.7180050015449524,15.0,15.0,-2670.212485171216,-2230.758520618783,76923.07692307692,76923.07692307692
64QAM,16QAM,0.5644402503967285,15.0,16.916666666666668,2205.760288931664,2255.4881144720807,76923.07692307692,76923.07692307692
64QAM,64QAM,0.58232581615448,15.0,16.4,1570.936659474085,1464.7761399943938,76923.07692307692,76923.07692307692
64QAM,16QAM,0.6242127418518066,15.0,16.583333333333332,1088.158628568753,904.3684859329717,76923.07692307692,76923.07692307692
64QAM,64QAM,0.5262594819068909,15.0,13.6,993.8603371573922,1224.637626554561,100000.0,100000.0
64QAM,16QAM,0.5437424182891846,15.0,12.75,2560.098837436625,1965.5223551207926,100000.0,100000.0
64QAM,16QAM,0.5917410254478455,15.0,17.916666666666668,-534.8917788640342,-704.7650400330439,100000.0,100000.0
64QAM,16QAM,0.54780113697052,15.0,16.25,1468.2361563315599,948.3864288503534,100000.0,100000.0
64QAM,16QAM,0.645236611366272,15.0,15.133333333333333,-1714.439063868312,-1266.8719905294952,100000.0,100000.0
64QAM,16QAM,0.6753926277160645,15.0,15.416666666666666,-1309.69514294113,-1310.4836103023665,125000.0,125000.0
64QAM,16QAM,0.5419566035270691,15.0,14.9,-1748.8632444028474,-1892.5248202534885,125000.0,125000.0
64QAM,16QAM,0.7184956073760986,15.0,17.733333333333334,764.8759844997048,569.8720877483778,125000.0,125000.0
64QAM,16QAM,0.6543524265289307,15.0,17.216666666666665,-2846.005298516431,-2331.2897747397396,125000.0,125000.0
64QAM,16QAM,0.6094706058502197,15.0,11.383333333333333,-679.9804241290303,-900.1448461922841,125000.0,125000.0
64QAM,64QAM,0.5994260907173157,15.0,14.666666666666666,-1632.1211097124763,-1157.9697580099594,142857.14285714287,142857.14285714287
64QAM,16QAM,0.5870330929756165,15.0,13.966666666666667,-1648.1949419301427,-1199.6959343596577,142857.14285714287,142857.14285714287
64QAM,16QAM,0.6637855172157288,15.0,16.483333333333334,541.9429628822536,1552.4796910721097,142857.14285714287,142857.14285714287
64QAM,16QAM,0.5435749888420105,15.0,14.45,2565.8874393822507,1242.6715814639576,142857.14285714287,142857.14285714287
64QAM,16QAM,0.6347382664680481,15.0,15.583333333333334,-1636.6837237939712,-2373.2841447095143,142857.14285714287,142857.14285714287
64QAM,64QAM,0.5532249212265015,15.0,15.666666666666666,-1366.7388854407966,-1789.3631271688369,200000.0,200000.0
64QAM,16QAM,0.6685746312141418,15.0,16.683333333333334,-1311.661049019497,-903.3325318143848,200000.0,200000.0
64QAM,16QAM,0.5822378396987915,15.0,15.433333333333334,-170.08276512313614,-1300.3673690451394,200000.0,200000.0
64QAM,64QAM,0.5212229490280151,15.0,14.7,-2695.571379454557,-2204.190416677568,200000.0,200000.0
64QAM,64QAM,0.5509581565856934,15.0,14.316666666666666,-1502.8900492347059,-1299.1106842099027,200000.0,200000.0
64QAM,GFSK,0.977216362953186,20.0,18.083333333333332,1632.8955525982556,1820.4347485465642,50000.0,50000.0
64QAM,GFSK,0.7909981608390808,20.0,12.366666666666667,-2432.5311731626125,-2162.3156123300123,50000.0,50000.0
64QAM,64QAM,0.7293490171432495,20.0,16.95,809.5427353785394,868.6255389267915,50000.0,50000.0
64QAM,64QAM,0.40887537598609924,20.0,12.266666666666667,1216.7929569283688,1323.6102847322961,50000.0,50000.0
64QAM,GFSK,0.9678131937980652,20.0,17.3,-1927.1605599165478,-1465.8840834834045,50000.0,50000.0
64QAM,64QAM,0.7658140063285828,20.0,14.833333333333334,-911.3488378331949,-1430.7442907786528,76923.07692307692,76923.07692307692
64QAM,16QAM,0.6039990782737732,20.0,15.966666666666667,-2536.28144831777,-2306.1793352306477,76923.07692307692,76923.07692307692
64QAM,64QAM,0.548344612121582,20.0,14.233333333333333,-2980.9852131690805,-2608.341971001066,76923.07692307692,76923.07692307692
64QAM,64QAM,0.5304415225982666,20.0,17.016666666666666,1519.4834321525677,1292.1821094042662,76923.07692307692,76923.07692307692
64QAM,16QAM,0.5049611330032349,20.0,16.6,-1740.6506217319152,-1836.7905631365168,76923.07692307692,76923.07692307692
64QAM,16QAM,0.57917320728302,20.0,16.416666666666668,1316.2994645153221,1246.352653877868,100000.0,100000.0
64QAM,64QAM,0.5753694772720337,20.0,17.333333333333332,-1194.3215233594372,-1573.2956425493282,100000.0,100000.0
64QAM,64QAM,0.6109835505485535,20.0,14.783333333333333,-2821.034295623693,-2282.0573661075605,100000.0,100000.0
64QAM,16QAM,0.6807438135147095,20.0,18.333333333333332,-1071.4040723116532,-1282.5219697327148,100000.0,100000.0
64QAM,64QAM,0.5545511841773987,20.0,14.7,1020.6504380261586,771.7777671384677,100000.0,100000.0
64QAM,16QAM,0.650311291217804,20.0,14.566666666666666,749.0040172211852,705.0184006248905,125000.0,125000.0
64QAM,64QAM,0.5564191937446594,20.0,14.05,2267.7701598791964,2184.9597811846943,125000.0,125000.0
64QAM,64QAM,0.7656490802764893,20.0,12.633333333333333,2615.098743788536,2451.8396346383684,125000.0,125000.0
64QAM,16QAM,0.5539299845695496,20.0,13.85,826.2282652510366,206.06228953191965,125000.0,125000.0
64QAM,64QAM,0.5044611096382141,20.0,16.683333333333334,-960.1579353713839,-627.014793513233,125000.0,125000.0
64QAM,16QAM,0.6834484338760376,20.0,16.283333333333335,1959.3483473604374,1868.1765304505288,142857.14285714287,142857.14285714287
64QAM,16QAM,0.6612246632575989,20.0,16.033333333333335,173.15179143350497,-7.9888266625108795,142857.14285714287,142857.14285714287
64QAM,16QAM,0.526483416557312,20.0,18.766666666666666,-1847.2145069444161,-1816.5965779998282,142857.14285714287,142857.14285714287
64QAM,16QAM,0.5564357042312622,20.0,11.566666666666666,2205.526437980978,1778.1546262585748,142857.14285714287,142857.14285714287
64QAM,16QAM,0.6177619695663452,20.0,17.0,1001.1703950074334,966.8394649097695,142857.14285714287,142857.14285714287
64QAM,16QAM,0.6818988919258118,20.0,18.2,-2343.024953317344,-1887.8964298715907,200000.0,200000.0
64QAM,64QAM,0.5570545196533203,20.0,15.85,-1102.1694010374447,-617.2103577210478,200000.0,200000.0
64QAM,16QAM,0.5561359524726868,20.0,12.983333333333333,1687.6621093255417,1494.9748684945123,200000.0,200000.0
64QAM,16QAM,0.6642510294914246,20.0,17.133333333333333,-2411.3019017780366,-2300.3781061844356,200000.0,200000.0
64QAM,16QAM,0.5079872012138367,20.0,16.966666666666665,2710.1981244019735,2467.369665736282,200000.0,200000.0
GFSK,GFSK,0.9993857145309448,-10.0,-9.95,-2142.584366396576,-388.10021357807744,50000.0,50000.0
GFSK,GFSK,0.9998273849487305,-10.0,-9.933333333333334,-538.3548373993785,-602.2665229123362,50000.0,50000.0
GFSK,GFSK,0.9950098991394043,-10.0,-9.833333333333334,2259.9654691722644,332.36537142399123,50000.0,50000.0
GFSK,GFSK,0.9704179167747498,-10.0,-9.85,1418.211144012831,83.95377143218263,50000.0,76923.07692307692
GFSK,GFSK,0.972055196762085,-10.0,-9.866666666666667,2699.933333517274,258.75239335157465,50000.0,50000.0
GFSK,GFSK,0.7362982630729675,-10.0,-9.683333333333334,-816.9669462152838,-256.48495042364453,76923.07692307692,50000.0
GFSK,GFSK,0.9818843007087708,-10.0,-9.85,1815.1975136657366,536.4918998832654,76923.07692307692,50000.0
GFSK,GFSK,0.999970555305481,-10.0,-9.85,1070.5160208971388,500.4135502073995,76923.07692307692,50000.0
GFSK,GFSK,0.972140908241272,-10.0,-9.8,1519.6786409629085,549.9470248675135,76923.07692307692,50000.0
GFSK,GFSK,0.9993042945861816,-10.0,-9.866666666666667,832.3059453208712,424.33599146431976,76923.07692307692,50000.0
GFSK,GFSK,0.9939947724342346,-10.0,-9.7,2881.305496556968,861.4609876771485,100000.0,76923.07692307692
GFSK,GFSK,0.9623883366584778,-10.0,-9.816666666666666,-2648.1444778743175,-41.88630159916943,100000.0,200000.0
GFSK,GFSK,0.9825526475906372,-10.0,-9.833333333333334,2772.8151036204945,677.8829300317844,100000.0,50000.0
GFSK,GFSK,0.9988831877708435,-10.0,-9.866666666666667,715.3743512169735,60.12978057757147,100000.0,50000.0
GFSK,GFSK,0.9997333884239197,-10.0,-9.883333333333333,367.68516461493255,634.1613303071234,100000.0,50000.0
GFSK,GFSK,0.9725546836853027,-10.0,-9.583333333333334,2989.5146753400923,-166.60846194585756,125000.0,50000.0
GFSK,GFSK,0.5847727060317993,-10.0,-9.95,-1145.8408923420689,151.39895623617204,125000.0,50000.0
GFSK,GFSK,0.9833184480667114,-10.0,-9.433333333333334,-1504.5160304902327,199.91921112819205,125000.0,50000.0
GFSK,QPSK,0.33286580443382263,-10.0,-9.983333333333333,-1690.013715788915,-3.5236083439698866,125000.0,50000.0
GFSK,GFSK,0.9687246084213257,-10.0,-9.133333333333333,-1179.1345449674752,-15.261743714664348,125000.0,50000.0
GFSK,GFSK,0.9764358401298523,-10.0,-9.85,163.5679742516122,-168.16304467848732,142857.14285714287,50000.0
GFSK,GFSK,0.7721105217933655,-10.0,-9.883333333333333,-1656.6151139256838,-760.1677056867618,142857.14285714287,50000.0
GFSK,QPSK,0.48112815618515015,-10.0,-9.833333333333334,-385.3470814925263,-200.45247186537523,142857.14285714287,50000.0
GFSK,GFSK,0.9985289573669434,-10.0,-9.5,-2077.992667071652,450.45733809835053,142857.14285714287,50000.0
GFSK,BPSK,0.4992941915988922,-10.0,-9.7,-2679.1032550741384,-132.0837747193618,142857.14285714287,50000.0
GFSK,GFSK,0.9698435068130493,-10.0,-9.883333333333333,-2865.902549437318,-87.55958038726725,200000.0,50000.0
GFSK,GFSK,0.8915548324584961,-10.0,-9.75,-1151.849904678516,-98.69548586398746,200000.0,50000.0
GFSK,GFSK,0.9902653098106384,-10.0,-9.866666666666667,719.251092511387,-269.06602172266554,200000.0,50000.0
GFSK,QPSK,0.48054373264312744,-10.0,-9.95,2963.5422146010196,310.0736223281863,200000.0,76923.07692307692
GFSK,QPSK,0.46139830350875854,-10.0,-9.8,-2472.8273018435034,196.99144206334324,200000.0,50000.0
GFSK,GFSK,1.0,-5.0,-5.083333333333333,1167.2856173177906,138.09939417246437,50000.0,50000.0
GFSK,GFSK,1.0,-5.0,-5.216666666666667,-1886.9446639152889,-820.933371865854,50000.0,76923.07692307692
GFSK,GFSK,1.0,-5.0,-5.05,-1233.2832638984362,-131.12883407442015,50000.0,50000.0
GFSK,GFSK,0.9999997615814209,-5.0,-5.166666666666667,2938.0974184363076,1426.4200697362548,50000.0,50000.0
GFSK,GFSK,1.0,-5.0,-5.15,-1247.3176370538054,-247.5133390675288,50000.0,50000.0
GFSK,GFSK,0.9999998807907104,-5.0,-5.033333333333333,261.50500532431806,156.9214539702424,76923.07692307692,76923.07692307692
GFSK,GFSK,1.0,-5.0,-4.833333333333333,2303.3817814714394,1485.7278625850204,76923.07692307692,50000.0
GFSK,GFSK,0.9999964237213135,-5.0,-5.25,-2908.7397615722307,-1669.685845189274,76923.07692307692,125000.0
GFSK,GFSK,0.9999994039535522,-5.0,-5.116666666666666,-1049.695833265674,-708.0878090022976,76923.07692307692,100000.0
GFSK,GFSK,1.0,-5.0,-4.816666666666666,-136.24819702187324,-267.0637333265584,76923.07692307692,100000.0
GFSK,GFSK,0.9999992847442627,-5.0,-4.95,-900.812734908392,-1632.5002168359829,100000.0,142857.14285714287
GFSK,GFSK,1.0,-5.0,-5.133333333333334,-433.35324468891395,394.2380684988894,100000.0,76923.07692307692
GFSK,GFSK,0.9999992847442627,-5.0,-5.066666666666666,739.1603097190114,-725.9160961272348,100000.0,76923.07692307692
GFSK,GFSK,0.9999966621398926,-5.0,-5.133333333333334,2105.734761821338,1629.5393612032176,100000.0,100000.0
GFSK,GFSK,0.9999939203262329,-5.0,-5.05,1759.135770474335,1116.3416183955321,100000.0,100000.0
GFSK,GFSK,0.9999997615814209,-5.0,-5.05,-615.3200752999232,397.7674941735136,125000.0,100000.0
GFSK,GFSK,0.9999966621398926,-5.0,-4.733333333333333,448.40901675047144,395.06036130592213,125000.0,125000.0
GFSK,GFSK,0.999998927116394,-5.0,-4.883333333333334,-1926.7414194615828,-978.1316045580803,125000.0,142857.14285714287
GFSK,GFSK,0.999135434627533,-5.0,-5.066666666666666,1880.1978400750895,956.9120478368741,125000.0,142857.14285714287
GFSK,GFSK,0.999896764755249,-5.0,-5.033333333333333,2776.939206781223,499.28545553335834,125000.0,142857.14285714287
GFSK,GFSK,0.9999886751174927,-5.0,-4.933333333333334,-1573.9240270989562,-70.66101387924819,142857.14285714287,125000.0
GFSK,GFSK,0.9999257326126099,-5.0,-5.116666666666666,215.03879331173403,52.08256725180311,142857.14285714287,200000.0
GFSK,GFSK,0.9999914169311523,-5.0,-5.016666666666667,1774.0801279753769,-5.985300304423756,142857.14285714287,200000.0
GFSK,GFSK,0.9968235492706299,-5.0,-4.55,-1578.4820933075046,-1130.2238086008533,142857.14285714287,200000.0
GFSK,GFSK,0.9999897480010986,-5.0,-5.016666666666667,-1004.9769313217157,70.4367462258086,142857.14285714287,76923.07692307692
GFSK,GFSK,0.9804549813270569,-5.0,-4.933333333333334,-587.489276077843,-85.8156704730587,200000.0,50000.0
GFSK,GFSK,0.9998449087142944,-5.0,-5.066666666666666,-1943.0269799401365,-927.4350565089853,200000.0,200000.0
GFSK,GFSK,0.9999217987060547,-5.0,-5.066666666666666,1450.461211422753,1471.3468716136674,200000.0,200000.0
GFSK,GFSK,0.9996321201324463,-5.0,-5.133333333333334,2567.286877368613,192.9488006842171,200000.0,200000.0
GFSK,GFSK,0.9427458047866821,-5.0,-4.9,202.63733908177892,1143.2967102547818,200000.0,100000.0
GFSK,GFSK,1.0,0.0,-0.43333333333333335,1316.4510470080832,1041.6184149180597,50000.0,100000.0
GFSK,GFSK,1.0,0.0,-0.85,-513.5161007123743,-615.9675098865232,50000.0,100000.0
GFSK,GFSK,1.0,0.0,0.06666666666666667,-2741.1421966751946,-2050.6530295958883,50000.0,50000.0
GFSK,GFSK,1.0,0.0,-0.016666666666666666,2439.0484579084987,2117.8295393829344,50000.0,50000.0
GFSK,GFSK,1.0,0.0,0.0,625.8746773295179,-398.7452793215411,50000.0,50000.0
GFSK,GFSK,1.0,0.0,0.0,-1465.4337819440145,-1213.327698855567,76923.07692307692,100000.0
GFSK,GFSK,1.0,0.0,0.03333333333333333,2113.5644014140025,1898.1996134324363,76923.07692307692,50000.0
GFSK,GFSK,1.0,0.0,-1.35,-474.1149375362629,-253.95607749790298,76923.07692307692,50000.0
GFSK,GFSK,1.0,0.0,-0.016666666666666666,-2375.2708321943196,-1095.975656876677,76923.07692307692,100000.0
GFSK,GFSK,1.0,0.0,-0.06666666666666667,576.0771568734954,439.38003601001566,76923.07692307692,125000.0
GFSK,GFSK,1.0,0.0,0.0,1842.6520065205632,1345.9015818865469,100000.0,100000.0
GFSK,GFSK,1.0,0.0,0.0,111.02384242504013,1714.737111993418,100000.0,125000.0
GFSK,GFSK,1.0,0.0,0.11666666666666667,-2357.9265554182084,-2270.1824585477334,100000.0,76923.07692307692
GFSK,GFSK,1.0,0.0,-0.21666666666666667,2259.8988578019935,-397.4567954949371,100000.0,125000.0
GFSK,GFSK,1.0,0.0,-0.2833333333333333,1611.9102153357353,1823.255046403106,100000.0,50000.0
GFSK,GFSK,1.0,0.0,0.8,-2714.325412261487,-333.68105151305133,125000.0,100000.0
GFSK,GFSK,0.9999978542327881,0.0,0.0,432.5272235129737,797.5516505403281,125000.0,142857.14285714287
GFSK,GFSK,1.0,0.0,0.016666666666666666,-2733.590226525184,-801.9532990854294,125000.0,100000.0
GFSK,GFSK,1.0,0.0,0.0,-683.5777622150099,-1661.7275363959666,125000.0,125000.0
GFSK,GFSK,0.9999914169311523,0.0,0.05,-2197.86651577836,-883.5028445006288,125000.0,142857.14285714287
GFSK,GFSK,0.9999998807907104,0.0,0.11666666666666667,-1376.6865504326117,-392.24870995654936,142857.14285714287,142857.14285714287
GFSK,GFSK,0.9999785423278809,0.0,0.0,1438.1593237704483,393.35969087720184,142857.14285714287,142857.14285714287
GFSK,GFSK,0.9999980926513672,0.0,0.06666666666666667,-684.2299922772518,-530.4957530291998,142857.14285714287,142857.14285714287
GFSK,GFSK,0.9999991655349731,0.0,0.08333333333333333,-603.6952390794122,-2049.1859451986224,142857.14285714287,125000.0
GFSK,GFSK,0.9999984502792358,0.0,0.0,-2259.070313704503,-1151.9990273062506,142857.14285714287,142857.14285714287
GFSK,GFSK,0.9976537823677063,0.0,-0.03333333333333333,-428.40534246793277,703.8386389443166,200000.0,200000.0
GFSK,GFSK,0.9998722076416016,0.0,-0.11666666666666667,1511.4127858877582,1595.2563472760032,200000.0,200000.0
GFSK,GFSK,0.9999967813491821,0.0,0.3,1154.7857209824542,328.8874941409342,200000.0,142857.14285714287
GFSK,GFSK,0.9999277591705322,0.0,0.0,-2619.439361676745,-2077.8462143472484,200000.0,200000.0
GFSK,GFSK,0.9756036400794983,0.0,0.03333333333333333,1799.1196056033996,2024.030526606284,200000.0,200000.0
GFSK,GFSK,0.9999985694885254,5.0,7.066666666666666,959.0809658695266,484.5274129797237,50000.0,50000.0
GFSK,GFSK,1.0,5.0,5.266666666666667,2486.289618350872,2324.71096438247,50000.0,50000.0
GFSK,GFSK,1.0,5.0,4.866666666666666,-2461.3706642706143,-1307.078748793131,50000.0,50000.0
GFSK,GFSK,1.0,5.0,5.7,2529.087376689691,2081.238977728681,50000.0,50000.0
GFSK,GFSK,1.0,5.0,5.1,2671.9374831179166,1102.0628810525131,50000.0,50000.0
GFSK,GFSK,1.0,5.0,5.35,-144.35075707596752,-226.6972928192811,76923.07692307692,100000.0
GFSK,GFSK,1.0,5.0,5.4,1839.3919358620224,747.3993527519705,76923.07692307692,100000.0
GFSK,GFSK,1.0,5.0,5.066666666666666,-211.4334356713025,182.94155197521562,76923.07692307692,100000.0
GFSK,GFSK,1.0,5.0,6.433333333333334,-423.90829793679086,-469.1078127193858,76923.07692307692,76923.07692307692
GFSK,GFSK,1.0,5.0,5.383333333333334,-1756.0655860245138,-1551.3234393686164,76923.07692307692,76923.07692307692
GFSK,GFSK,0.9999992847442627,5.0,5.383333333333334,2112.7365845645863,2191.2813085653675,100000.0,100000.0
GFSK,GFSK,1.0,5.0,5.416666666666667,-924.9958328399798,-2214.2919251459143,100000.0,100000.0
GFSK,GFSK,1.0,5.0,5.316666666666666,1873.021376602399,2229.3701761427587,100000.0,100000.0
GFSK,GFSK,1.0,5.0,6.6,-2980.864467018948,-2375.0140112907366,100000.0,76923.07692307692
GFSK,GFSK,1.0,5.0,5.166666666666667,2585.3580087225328,1769.8322285287277,100000.0,100000.0
GFSK,GFSK,0.9999994039535522,5.0,5.016666666666667,-111.17959178456067,356.47741120517145,125000.0,125000.0
GFSK,GFSK,0.9999935626983643,5.0,7.483333333333333,-1719.5910665882302,-1311.327852085077,125000.0,125000.0
GFSK,GFSK,0.9999961853027344,5.0,5.066666666666666,-2183.8681407986614,-2312.79847174584,125000.0,125000.0
GFSK,GFSK,1.0,5.0,5.166666666666667,-1791.0432986284186,-1687.2330259798807,125000.0,100000.0
GFSK,GFSK,0.9993645548820496,5.0,6.95,719.06667531725,-340.748734958172,125000.0,142857.14285714287
GFSK,GFSK,0.999944806098938,5.0,5.05,715.0305448576178,-761.2168013819345,142857.14285714287,142857.14285714287
GFSK,GFSK,0.9999871253967285,5.0,5.083333333333333,-1586.9133500401192,-1203.7759356885435,142857.14285714287,142857.14285714287
GFSK,GFSK,0.9998874664306641,5.0,5.0,-1308.9929183604856,-634.2509899188716,142857.14285714287,142857.14285714287
GFSK,GFSK,0.9999914169311523,5.0,7.766666666666667,-117.31641784894146,-37.75062431514662,142857.14285714287,142857.14285714287
GFSK,GFSK,0.9992555975914001,5.0,5.05,-2956.8428011828432,-2199.7498287884837,142857.14285714287,142857.14285714287
GFSK,GFSK,0.9999504089355469,5.0,5.533333333333333,1745.6772882384448,412.1291903949395,200000.0,200000.0
GFSK,GFSK,0.997136116027832,5.0,5.5,1360.2519352040827,1662.4406507294625,200000.0,200000.0
GFSK,GFSK,0.9998075366020203,5.0,5.183333333333334,-1638.1699393192907,-1910.7775147696805,200000.0,142857.14285714287
GFSK,GFSK,0.6209588050842285,5.0,6.083333333333333,646.7163793180953,1076.0842661068941,200000.0,50000.0
GFSK,GFSK,0.9999077320098877,5.0,6.483333333333333,-1315.5671234656215,-1113.7396963813883,200000.0,142857.14285714287
GFSK,GFSK,1.0,10.0,10.066666666666666,2109.1084356230867,2120.5521523656193,50000.0,50000.0
GFSK,GFSK,1.0,10.0,10.116666666666667,1702.8349410362653,2076.184367431784,50000.0,50000.0
GFSK,GFSK,1.0,10.0,10.116666666666667,2383.8124747056654,2037.043013171635,50000.0,50000.0
GFSK,GFSK,1.0,10.0,10.083333333333334,-1497.9268509560009,-1110.552626644913,50000.0,50000.0
GFSK,GFSK,1.0,10.0,10.333333333333334,2074.3648862110604,1653.8955403013447,50000.0,50000.0
GFSK,GFSK,0.9999996423721313,10.0,10.033333333333333,-2133.6988279902753,-2468.936013369783,76923.07692307692,76923.07692307692
GFSK,GFSK,1.0,10.0,10.016666666666667,2644.4131953643855,1820.2728894788604,76923.07692307692,76923.07692307692
GFSK,GFSK,1.0,10.0,10.6,-760.139466680132,-1129.38965923272,76923.07692307692,76923.07692307692
GFSK,GFSK,1.0,10.0,10.366666666666667,-542.0582929918892,-283.1509031115082,76923.07692307692,76923.07692307692
GFSK,GFSK,1.0,10.0,10.733333333333333,24.575044086062007,-101.61484758230658,76923.07692307692,100000.0
GFSK,GFSK,1.0,10.0,9.033333333333333,-2038.5280758077447,23.09428469190708,100000.0,76923.07692307692
GFSK,GFSK,1.0,10.0,12.0,2636.3936122981722,1014.7417156682852,100000.0,76923.07692307692
GFSK,GFSK,0.9999977350234985,10.0,10.016666666666667,2915.1934909787424,1808.981931970085,100000.0,100000.0
GFSK,GFSK,0.9999997615814209,10.0,10.166666666666666,1189.4523083234035,1720.833087899374,100000.0,100000.0
GFSK,GFSK,1.0,10.0,11.3,1806.1424036960734,1949.8639928879588,100000.0,76923.07692307692
GFSK,GFSK,0.999998927116394,10.0,10.216666666666667,-1540.1018624969895,-153.00254735840213,125000.0,125000.0
GFSK,GFSK,0.9999970197677612,10.0,10.65,-694.59999948413,-1510.8475617009153,125000.0,125000.0
GFSK,GFSK,0.9999996423721313,10.0,10.4,-501.5840181606436,-969.5472706021856,125000.0,125000.0
GFSK,GFSK,0.9999837875366211,10.0,10.016666666666667,-1171.279712901497,-1287.8790950337095,125000.0,125000.0
GFSK,GFSK,0.9995272159576416,10.0,10.616666666666667,-331.5347030395196,-339.3676927355146,125000.0,125000.0
GFSK,GFSK,0.9935348033905029,10.0,10.05,-2857.3051062269838,-2141.8687036271967,142857.14285714287,200000.0
GFSK,GFSK,0.9999767541885376,10.0,11.1,526.4953349489847,-423.32171719311873,142857.14285714287,142857.14285714287
GFSK,GFSK,0.9999957084655762,10.0,11.3,-904.4069750407348,810.4188226585492,142857.14285714287,200000.0
GFSK,GFSK,0.9999645948410034,10.0,10.033333333333333,-774.7328476677212,-1874.3060319805786,142857.14285714287,200000.0
GFSK,GFSK,0.9996860027313232,10.0,10.0,-1147.311355579491,-2115.517734680165,142857.14285714287,142857.14285714287
GFSK,GFSK,0.9999805688858032,10.0,10.966666666666667,1420.7637385672679,724.8413272540736,200000.0,200000.0
GFSK,GFSK,0.9991286396980286,10.0,11.85,-1889.6658949116104,628.6920628352933,200000.0,200000.0
GFSK,GFSK,0.9999661445617676,10.0,10.216666666666667,-2205.1796963770935,-1689.6971625708163,200000.0,142857.14285714287
GFSK,GFSK,0.9944767355918884,10.0,10.066666666666666,-167.35527555992394,-439.616277599764,200000.0,200000.0
GFSK,GFSK,0.9936118721961975,10.0,10.166666666666666,539.9100852879524,121.6771414318844,200000.0,200000.0
GFSK,GFSK,1.0,15.0,14.666666666666666,-905.7724415680136,-1069.3485835403287,50000.0,50000.0
GFSK,GFSK,0.9999998807907104,15.0,15.6,-1027.105747302017,-1084.9165341815878,50000.0,50000.0
GFSK,GFSK,1.0,15.0,15.483333333333333,736.9065040642208,925.3084245762822,50000.0,50000.0
GFSK,GFSK,1.0,15.0,15.35,1222.4592040565212,1804.0426650821253,50000.0,50000.0
GFSK,GFSK,1.0,15.0,15.633333333333333,1814.4026849947459,1519.7088390544836,50000.0,50000.0
GFSK,GFSK,1.0,15.0,15.416666666666666,-2821.7812588394963,-2406.4405365141974,76923.07692307692,76923.07692307692
GFSK,GFSK,1.0,15.0,15.416666666666666,1219.7911836053117,951.4438279409525,76923.07692307692,50000.0
GFSK,GFSK,1.0,15.0,15.133333333333333,1520.9963842966044,1501.321512405476,76923.07692307692,76923.07692307692
GFSK,GFSK,1.0,15.0,15.55,430.51550792092485,-464.55889659737585,76923.07692307692,100000.0
GFSK,GFSK,1.0,15.0,16.416666666666668,-686.8532942564893,-42.728218603568806,76923.07692307692,76923.07692307692
GFSK,GFSK,1.0,15.0,14.183333333333334,809.7531710033518,422.3193008212116,100000.0,76923.07692307692
GFSK,GFSK,1.0,15.0,15.033333333333333,32.43180072066207,678.2281520843558,100000.0,100000.0
GFSK,GFSK,1.0,15.0,14.866666666666667,-889.0202181137979,-565.4878637349148,100000.0,100000.0
GFSK,GFSK,0.9999998807907104,15.0,15.25,-548.5934752685998,-1107.5893267011365,100000.0,100000.0
GFSK,GFSK,0.9999995231628418,15.0,14.916666666666666,-72.7904648825579,951.2368702902348,100000.0,100000.0
GFSK,GFSK,0.9999901056289673,15.0,15.75,-148.77419289391537,1378.7824665021658,125000.0,125000.0
GFSK,GFSK,0.9999995231628418,15.0,14.8,2753.2820431545842,1590.4878980188112,125000.0,125000.0
GFSK,GFSK,0.999996542930603,15.0,14.266666666666667,1938.6502893454726,612.5581836613231,125000.0,125000.0
GFSK,GFSK,0.9999994039535522,15.0,15.366666666666667,-64.44085552316619,1784.4873208158197,125000.0,125000.0
GFSK,GFSK,0.9999991655349731,15.0,15.633333333333333,-732.6750767002654,-216.68880805119937,125000.0,125000.0
GFSK,GFSK,0.999980092048645,15.0,15.0,2927.188983914495,1653.5817954960646,142857.14285714287,142857.14285714287
GFSK,GFSK,0.9998326301574707,15.0,15.15,-2452.4065397974027,-2309.7591217576296,142857.14285714287,142857.14285714287
GFSK,GFSK,0.9999959468841553,15.0,15.316666666666666,1804.145046523391,308.87526596244373,142857.14285714287,142857.14285714287
GFSK,GFSK,0.999984860420227,15.0,14.833333333333334,-2925.222961024705,-2323.736309569712,142857.14285714287,142857.14285714287
GFSK,GFSK,0.9993298053741455,15.0,15.166666666666666,-1473.9380896589578,-1641.8011729938848,142857.14285714287,200000.0
GFSK,GFSK,0.9998515844345093,15.0,14.45,-75.9632467397023,-483.1906994614645,200000.0,200000.0
GFSK,GFSK,0.9980512857437134,15.0,15.033333333333333,1479.136161360656,1013.0448724900644,200000.0,200000.0
GFSK,GFSK,0.9661937355995178,15.0,15.433333333333334,-2952.858023254585,-1643.1643617428251,200000.0,200000.0
GFSK,GFSK,0.9930970072746277,15.0,15.983333333333333,-1303.6488860382178,-1404.5842330120413,200000.0,200000.0
GFSK,GFSK,0.9998117089271545,15.0,14.983333333333333,-2166.3308593527922,-2239.4717144703127,200000.0,200000.0
GFSK,GFSK,1.0,20.0,14.95,669.4447943275995,-232.14598889526184,50000.0,76923.07692307692
GFSK,GFSK,1.0,20.0,19.316666666666666,-1516.2538305842404,-2149.7327644033976,50000.0,50000.0
GFSK,GFSK,1.0,20.0,19.683333333333334,1891.5435974556049,2355.789954626618,50000.0,50000.0
GFSK,GFSK,1.0,20.0,19.983333333333334,1185.676173599988,1802.8006566913098,50000.0,50000.0
GFSK,GFSK,0.9999947547912598,20.0,18.95,1694.8522634571582,929.9250908456302,50000.0,50000.0
GFSK,GFSK,1.0,20.0,16.05,-686.511337744068,-1221.173616657262,76923.07692307692,76923.07692307692
GFSK,GFSK,0.9999960660934448,20.0,18.9,2145.1577326734805,1856.2392623909095,76923.07692307692,100000.0
GFSK,GFSK,1.0,20.0,19.916666666666668,-2058.8106730962827,-1163.2241785086899,76923.07692307692,76923.07692307692
GFSK,GFSK,1.0,20.0,19.933333333333334,1609.2410284944408,1767.2136893346535,76923.07692307692,76923.07692307692
GFSK,GFSK,0.9999998807907104,20.0,19.95,2741.578088763825,1106.5483755669668,76923.07692307692,76923.07692307692
GFSK,GFSK,1.0,20.0,19.983333333333334,927.6860498503588,1223.1582328225213,100000.0,100000.0
GFSK,GFSK,0.9999997615814209,20.0,19.983333333333334,2734.7929781793464,1568.4905678016848,100000.0,100000.0
GFSK,GFSK,1.0,20.0,19.766666666666666,693.100227849814,-124.58707563334616,100000.0,100000.0
GFSK,GFSK,0.9999998807907104,20.0,19.6,1255.5780965683261,1813.0353781599913,100000.0,100000.0
GFSK,GFSK,0.9999996423721313,20.0,17.416666666666668,519.8743238405114,488.5182640905998,100000.0,100000.0
GFSK,GFSK,0.9999988079071045,20.0,19.183333333333334,-303.5571505908383,-1110.4415142587598,125000.0,125000.0
GFSK,GFSK,0.9999991655349731,20.0,19.883333333333333,-694.3951313010766,292.81695270537705,125000.0,100000.0
GFSK,GFSK,0.9999983310699463,20.0,19.766666666666666,-2989.465369467036,-2048.116155887716,125000.0,125000.0
GFSK,GFSK,0.9999810457229614,20.0,19.766666666666666,2358.64362460138,2413.7525146830453,125000.0,125000.0
GFSK,GFSK,0.9999988079071045,20.0,19.7,-1928.2589341839605,-1529.782885945685,125000.0,125000.0
GFSK,GFSK,0.9999988079071045,20.0,19.6,-1517.4858575796725,-565.8346356731536,142857.14285714287,142857.14285714287
GFSK,GFSK,0.9998251795768738,20.0,20.0,-2841.20529650749,323.3748337826538,142857.14285714287,142857.14285714287
GFSK,GFSK,0.9999985694885254,20.0,19.016666666666666,-349.81358926685516,-1146.9620623251235,142857.14285714287,200000.0
GFSK,GFSK,0.9996734857559204,20.0,18.85,2037.1415251432863,185.065392472817,142857.14285714287,142857.14285714287
GFSK,GFSK,0.9999934434890747,20.0,20.0,-2496.504817462837,-1345.3131777283115,142857.14285714287,142857.14285714287
GFSK,GFSK,0.9616532325744629,20.0,19.8,1350.049658131663,1940.0812623765107,200000.0,200000.0
GFSK,GFSK,0.999359667301178,20.0,18.983333333333334,-48.30857687382604,1517.9252473724127,200000.0,200000.0
GFSK,GFSK,0.9998617172241211,20.0,19.533333333333335,-2140.9710688955665,250.13680548368598,200000.0,200000.0
GFSK,GFSK,0.9999330043792725,20.0,19.733333333333334,480.1212209567984,792.8866510887368,200000.0,200000.0
GFSK,GFSK,0.9998552799224854,20.0,19.35,-2714.877615643611,-584.5156794766385,200000.0,200000.0
AM,AM,0.8836382627487183,-10.0,-9.933333333333334,-762.98204321515,-968.0728798339343,50000.0,50000.0
AM,AM,0.9316633939743042,-10.0,-9.95,472.27031403367164,1130.7253881432207,50000.0,50000.0
AM,FM,0.7354357242584229,-10.0,-7.216666666666667,-267.57730195305203,-324.3648145791077,50000.0,76923.07692307692
AM,AM,0.991418719291687,-10.0,-9.466666666666667,-1032.4203538880272,-955.8393537601513,50000.0,76923.07692307692
AM,AM,0.91752690076828,-10.0,-9.866666666666667,1727.0676196036957,1774.5192719296633,50000.0,100000.0
AM,AM,0.9903400540351868,-10.0,-9.716666666666667,816.0133333382687,1051.923478333606,76923.07692307692,50000.0
AM,AM,0.9953702092170715,-10.0,-9.95,-1925.637884529721,-1777.1514406043734,76923.07692307692,76923.07692307692
AM,AM,0.5237504243850708,-10.0,-9.933333333333334,-1636.2718971845882,-1219.7846969551608,76923.07692307692,100000.0
AM,AM,0.9706303477287292,-10.0,-8.566666666666666,1189.3648025802404,1138.829904076275,76923.07692307692,76923.07692307692
AM,AM,0.9413974285125732,-10.0,-9.833333333333334,-2114.9957479438804,-1734.0659528722651,76923.07692307692,100000.0
AM,AM,0.7122090458869934,-10.0,-9.883333333333333,2061.6376213606472,1669.3062458249135,100000.0,100000.0
AM,AM,0.9584937691688538,-10.0,-9.983333333333333,-2122.8000952668626,-898.160672914599,100000.0,76923.07692307692
AM,AM,0.9268233776092529,-10.0,-9.833333333333334,2444.1512825808877,2441.658992148907,100000.0,76923.07692307692
AM,AM,0.9049193859100342,-10.0,-9.816666666666666,316.0404500333134,68.80834969015045,100000.0,200000.0
AM,AM,0.9791394472122192,-10.0,-9.2,-782.0153608875858,-984.8884619647681,100000.0,50000.0
AM,AM,0.9526054263114929,-10.0,-9.833333333333334,-965.7566137750614,-858.1839794368034,125000.0,200000.0
AM,AM,0.9832100868225098,-10.0,-9.95,1177.167092861122,875.2038677393025,125000.0,50000.0
AM,AM,0.9922009706497192,-10.0,-9.833333333333334,1520.529837369082,1126.9221635353517,125000.0,76923.07692307692
AM,AM,0.9131597876548767,-10.0,-9.766666666666667,2835.734264299035,1139.1325764666358,125000.0,76923.07692307692
AM,AM,0.6443502902984619,-10.0,-9.783333333333333,-2534.0350463537097,-2060.2697196495687,125000.0,142857.14285714287
AM,AM,0.9910578727722168,-10.0,-9.966666666666667,-1480.7495861776874,-1869.7630630305198,142857.14285714287,142857.14285714287
AM,AM,0.9752004742622375,-10.0,-9.933333333333334,517.7267047823625,1134.2888838713175,142857.14285714287,125000.0
AM,AM,0.9361304640769958,-10.0,-9.816666666666666,-1496.0328974412682,-1220.668177463628,142857.14285714287,125000.0
AM,AM,0.9817560911178589,-10.0,-10.0,-2827.9218454240695,-1657.1155489383007,142857.14285714287,76923.07692307692
AM,FM,0.5597934126853943,-10.0,-9.983333333333333,841.9901422926996,880.3382443065224,142857.14285714287,76923.07692307692
AM,AM,0.897531270980835,-10.0,-9.983333333333333,359.3408527147294,-101.90890599332123,200000.0,142857.14285714287
AM,FM,0.5790615677833557,-10.0,-9.466666666666667,-2359.1388380587914,-1503.6883360491586,200000.0,125000.0
AM,FM,0.6390674114227295,-10.0,-9.933333333333334,2571.3829576877524,1572.0613027483028,200000.0,76923.07692307692
AM,AM,0.7357769012451172,-10.0,-9.683333333333334,2430.6700047697022,2040.857998970954,200000.0,50000.0
AM,AM,0.9791306853294373,-10.0,-9.883333333333333,2239.1937872201606,1829.8778269988136,200000.0,100000.0
AM,AM,0.9990609288215637,-5.0,-5.266666666666667,1252.5467945165337,1063.0597769917206,50000.0,50000.0
AM,AM,0.9998164772987366,-5.0,-5.183333333333334,2988.781393577694,1772.8248911899625,50000.0,50000.0
AM,AM,0.9882926344871521,-5.0,-5.35,-1683.857223331415,-1724.5467603543848,50000.0,76923.07692307692
AM,AM,0.9989210367202759,-5.0,-4.983333333333333,2639.487352264762,2301.5610466195803,50000.0,50000.0
AM,AM,0.999487042427063,-5.0,-5.316666666666666,-1139.7088089295655,-1347.6962254593113,50000.0,76923.07692307692
AM,AM,0.9968060255050659,-5.0,-5.133333333333334,-2026.5961592693425,-1549.408355294382,76923.07692307692,125000.0
AM,AM,0.9963918328285217,-5.0,-4.816666666666666,-1590.8527862482338,-1721.8391600446307,76923.07692307692,50000.0
AM,AM,0.9573116302490234,-5.0,-4.983333333333333,1132.7173541443663,1190.337938359561,76923.07692307692,125000.0
AM,AM,0.9879018068313599,-5.0,-5.033333333333333,-2562.7729425007915,-2335.9938787445462,76923.07692307692,100000.0
AM,AM,0.9936282634735107,-5.0,-5.066666666666666,-371.1091781223904,-1166.360428821548,76923.07692307692,142857.14285714287
AM,AM,0.9220613241195679,-5.0,-4.8,-1153.3128204234372,-1056.8018090924888,100000.0,76923.07692307692
AM,FM,0.9305623173713684,-5.0,-4.766666666666667,843.125972688716,1034.416627888196,100000.0,125000.0
AM,AM,0.9953286647796631,-5.0,-5.033333333333333,-871.0531124286699,-686.3095118727765,100000.0,50000.0
AM,AM,0.9992707371711731,-5.0,-5.033333333333333,2004.435683724494,2047.0451247907413,100000.0,100000.0
AM,AM,0.9998037219047546,-5.0,-5.066666666666666,891.6038964959744,1001.6294383282193,100000.0,125000.0
AM,AM,0.9846264719963074,-5.0,-7.383333333333334,-1837.154866866473,-1328.8250181298959,125000.0,125000.0
AM,AM,0.9780678153038025,-5.0,-5.216666666666667,2698.695082558642,2554.5717321738416,125000.0,100000.0
AM,AM,0.9045776128768921,-5.0,-5.183333333333334,2509.027077116606,1948.116558369862,125000.0,142857.14285714287
AM,AM,0.9566548466682434,-5.0,-7.383333333333334,1703.7942375468092,1895.1359590993193,125000.0,125000.0
AM,AM,0.9956387877464294,-5.0,-5.066666666666666,-84.76919213174733,363.24035816590697,125000.0,50000.0
AM,AM,0.8971349000930786,-5.0,-5.016666666666667,-1418.4037954840067,-2088.763163395405,142857.14285714287,142857.14285714287
AM,AM,0.9976104497909546,-5.0,-5.216666666666667,1569.7979407465027,1634.743801311142,142857.14285714287,142857.14285714287
AM,AM,0.8989156484603882,-5.0,-7.1,-1241.4085295623215,-880.3942024664512,142857.14285714287,142857.14285714287
AM,AM,0.9915775060653687,-5.0,-5.416666666666667,-438.1117443226685,-992.9306296866631,142857.14285714287,142857.14285714287
AM,AM,0.7335137128829956,-5.0,-5.0,-1345.493204609811,-1309.761642087834,142857.14285714287,76923.07692307692
AM,FM,0.8722605109214783,-5.0,-4.766666666666667,1291.0312197102885,1269.957610052208,200000.0,142857.14285714287
AM,AM,0.965043306350708,-5.0,-5.133333333333334,2019.3530351336294,2029.97682179529,200000.0,142857.14285714287
AM,FM,0.9400044083595276,-5.0,-5.083333333333333,2449.2982160332467,2035.8914745500626,200000.0,125000.0
AM,AM,0.9890292882919312,-5.0,-5.066666666666666,1462.3367699317596,1200.344096231628,200000.0,200000.0
AM,FM,0.6497644186019897,-5.0,-5.0,-2062.6237607025982,-2145.3274511684826,200000.0,142857.14285714287
AM,AM,0.9999814033508301,0.0,0.16666666666666666,-2889.413801014786,-2701.1491300849884,50000.0,76923.07692307692
AM,AM,0.99854975938797,0.0,-0.3,-2777.8149689300153,-2504.9400711478825,50000.0,50000.0
AM,AM,0.9999910593032837,0.0,-0.11666666666666667,1337.3310809778304,1078.15003416906,50000.0,50000.0
AM,AM,0.9999949932098389,0.0,0.3333333333333333,-1206.5270840075564,-962.9730832281771,50000.0,50000.0
AM,AM,0.9914141297340393,0.0,-0.31666666666666665,-1122.4165117861046,-950.846309511518,50000.0,50000.0
AM,AM,0.999890923500061,0.0,-0.11666666666666667,351.55756940169977,433.6598618752829,76923.07692307692,100000.0
AM,AM,0.9999057054519653,0.0,0.9666666666666667,-1851.2587433307124,-1863.2469071162882,76923.07692307692,76923.07692307692
AM,AM,0.9999834299087524,0.0,-0.03333333333333333,-820.7095362046607,-824.2822580380863,76923.07692307692,100000.0
AM,AM,0.9999747276306152,0.0,-0.26666666666666666,1037.0305877858664,1123.67825044692,76923.07692307692,76923.07692307692
AM,AM,0.9999938011169434,0.0,-0.03333333333333333,-1701.7384207037044,-2067.687938851915,76923.07692307692,100000.0
AM,AM,0.9999656677246094,0.0,-0.31666666666666665,1526.05703455204,1708.9052363206688,100000.0,100000.0
AM,AM,0.9999966621398926,0.0,-0.16666666666666666,-1614.6460211124956,-1746.4036657243896,100000.0,100000.0
AM,AM,0.9999946355819702,0.0,-0.1,-2735.04953081583,-2573.3882925267662,100000.0,100000.0
AM,AM,0.999984622001648,0.0,-0.08333333333333333,222.63582407413742,94.99814919746788,100000.0,50000.0
AM,AM,0.9999842643737793,0.0,0.2,1114.9835215096373,987.9667615755737,100000.0,125000.0
AM,AM,0.9999771118164062,0.0,0.05,249.23906324943027,3.670053524677869,125000.0,125000.0
AM,AM,0.999962568283081,0.0,0.016666666666666666,2071.032464732485,1861.0913613396142,125000.0,100000.0
AM,AM,0.9997121691703796,0.0,-0.31666666666666665,-2301.010020297431,-2119.5755022025774,125000.0,50000.0
AM,AM,0.9999885559082031,0.0,-0.05,1105.3070524447085,1149.1404140942475,125000.0,100000.0
AM,AM,0.9999856948852539,0.0,2.066666666666667,-1348.1879322400766,-876.6114306616821,125000.0,125000.0
AM,AM,0.9999620914459229,0.0,0.21666666666666667,-2097.5715696351417,-1953.547205883857,142857.14285714287,142857.14285714287
AM,AM,0.9998206496238708,0.0,0.08333333333333333,-2899.4559802480994,-2696.7559813883813,142857.14285714287,142857.14285714287
AM,AM,0.9999539852142334,0.0,-0.31666666666666665,155.56896312135723,30.44755007200025,142857.14285714287,142857.14285714287
AM,AM,0.9993000030517578,0.0,0.05,1322.7528226933127,1142.7819911921836,142857.14285714287,142857.14285714287
AM,AM,0.9984184503555298,0.0,0.03333333333333333,-2002.0988495158927,-2116.679189076903,142857.14285714287,142857.14285714287
AM,AM,0.9893472194671631,0.0,0.26666666666666666,940.4162153402444,1043.4259861751634,200000.0,200000.0
AM,AM,0.997832715511322,0.0,0.03333333333333333,1692.2348888116285,2129.72034583127,200000.0,200000.0
AM,AM,0.9999018907546997,0.0,0.15,2655.0272603476224,2768.5486484825065,200000.0,142857.14285714287
AM,AM,0.9936230778694153,0.0,0.23333333333333334,1070.466018762319,897.7657521999228,200000.0,200000.0
AM,AM,0.9993133544921875,0.0,-0.1,-923.7290412468151,-973.2656990313034,200000.0,200000.0
AM,AM,0.9999951124191284,5.0,6.133333333333334,-1937.351237144208,-1948.0497411864717,50000.0,50000.0
AM,AM,0.999993085861206,5.0,5.683333333333334,-2555.1923418595206,-2371.234794887988,50000.0,50000.0
AM,AM,0.9999645948410034,5.0,5.516666666666667,-2084.1775856661015,-2043.4333002682374,50000.0,50000.0
AM,AM,0.9999966621398926,5.0,5.783333333333333,655.3867460063243,892.8841735654479,50000.0,50000.0
AM,AM,0.9999974966049194,5.0,4.25,-333.4563082529021,-20.88905755058186,50000.0,50000.0
AM,AM,0.9999771118164062,5.0,5.566666666666666,2655.300456847973,2582.9047207534923,76923.07692307692,50000.0
AM,AM,0.999995231628418,5.0,4.733333333333333,-650.85410053029,-696.3618629947388,76923.07692307692,100000.0
AM,AM,0.999992847442627,5.0,5.733333333333333,-1940.6503203727762,-2044.8316940561397,76923.07692307692,76923.07692307692
AM,AM,0.999985933303833,5.0,4.916666666666667,-2112.484406556943,-2205.776272671841,76923.07692307692,76923.07692307692
AM,AM,0.999987006187439,5.0,5.0,323.6282691945862,170.30188611889392,76923.07692307692,76923.07692307692
AM,AM,0.999998927116394,5.0,4.933333333333334,163.19413750931835,225.67781422426842,100000.0,100000.0
AM,AM,0.9999994039535522,5.0,5.166666666666667,1432.4632061727507,1252.6561604357116,100000.0,100000.0
AM,AM,0.9999918937683105,5.0,5.033333333333333,464.98945153998056,326.67423442568605,100000.0,100000.0
AM,AM,0.9999970197677612,5.0,6.2,2668.061639530377,2751.6152411219455,100000.0,100000.0
AM,AM,0.999998927116394,5.0,5.366666666666666,1664.4039025287111,1936.7893911789004,100000.0,100000.0
AM,AM,0.9999988079071045,5.0,5.05,42.27891136743847,-15.264193886382289,125000.0,125000.0
AM,AM,0.9999891519546509,5.0,4.933333333333334,2910.2708631775795,2768.722797773824,125000.0,125000.0
AM,AM,0.9997929930686951,5.0,5.7,-909.4011813903126,-804.9620431612124,125000.0,125000.0
AM,AM,0.9999966621398926,5.0,4.916666666666667,432.9573042787324,288.90630998143484,125000.0,125000.0
AM,AM,0.9999995231628418,5.0,7.333333333333333,-2278.8074458152364,-2291.345301686112,125000.0,125000.0
AM,AM,0.9999569654464722,5.0,4.983333333333333,279.1570901444911,258.4416707537316,142857.14285714287,142857.14285714287
AM,AM,0.9999938011169434,5.0,6.133333333333334,-2953.7209221088606,-2841.2130987758783,142857.14285714287,142857.14285714287
AM,AM,0.9999847412109375,5.0,6.733333333333333,-1550.8888604552078,-1418.207970586025,142857.14285714287,142857.14285714287
AM,AM,0.9999955892562866,5.0,5.0,1039.7717575829788,980.5165473535566,142857.14285714287,142857.14285714287
AM,AM,0.9999583959579468,5.0,5.0,-559.3535430199195,-569.994071339244,142857.14285714287,200000.0
AM,AM,0.9999502897262573,5.0,5.066666666666666,1674.8992769887664,1942.5696576766566,200000.0,125000.0
AM,AM,0.9974762797355652,5.0,5.033333333333333,975.1480395275989,961.4101113040005,200000.0,200000.0
AM,AM,0.9999687671661377,5.0,4.216666666666667,1792.9826201632986,1944.7417052260228,200000.0,200000.0
AM,AM,0.994140088558197,5.0,5.083333333333333,-2448.2014601170436,-2512.5386804654045,200000.0,200000.0
AM,AM,0.9987146854400635,5.0,2.183333333333333,-1044.13206193917,-1055.2403698903884,200000.0,200000.0
AM,AM,0.9999823570251465,10.0,10.9,-2702.691380033328,-2679.243901981955,50000.0,50000.0
AM,AM,0.9999940395355225,10.0,10.85,-974.147221172989,-987.3970706709702,50000.0,50000.0
AM,AM,0.9999986886978149,10.0,11.0,2999.7385625610423,2705.241452907654,50000.0,50000.0
AM,AM,0.9999971389770508,10.0,11.133333333333333,-936.477221691699,-941.0307487523886,50000.0,50000.0
AM,AM,0.9999908208847046,10.0,11.183333333333334,1997.7484237448243,2027.9304129755972,50000.0,50000.0
AM,AM,0.9999966621398926,10.0,11.85,-233.2892963945037,-192.48079829069465,76923.07692307692,76923.07692307692
AM,AM,0.9999908208847046,10.0,10.5,2233.4928751900534,2117.66788718489,76923.07692307692,76923.07692307692
AM,AM,0.9999970197677612,10.0,11.8,1347.1244194057354,1224.1161561309655,76923.07692307692,76923.07692307692
AM,AM,0.9999985694885254,10.0,10.383333333333333,-2522.430153727229,-2642.5884150163433,76923.07692307692,76923.07692307692
AM,AM,0.9999980926513672,10.0,10.833333333333334,2768.4723711823162,2683.0564112848583,76923.07692307692,76923.07692307692
AM,AM,0.9999974966049194,10.0,10.416666666666666,2923.9974826373664,2516.256068576396,100000.0,100000.0
AM,AM,0.9999973773956299,10.0,10.116666666666667,-310.482311051936,-223.74254160128206,100000.0,100000.0
AM,AM,0.9999966621398926,10.0,10.8,2236.0990723876157,2216.289436955306,100000.0,100000.0
AM,AM,0.9999988079071045,10.0,10.416666666666666,304.2375974842357,266.90096962755086,100000.0,100000.0
AM,AM,0.9999960660934448,10.0,10.583333333333334,-2340.632267385504,-2285.7222860833153,100000.0,100000.0
AM,AM,0.9999977350234985,10.0,10.55,-2193.2009709286563,-2268.5571851215996,125000.0,125000.0
AM,AM,0.9999983310699463,10.0,10.683333333333334,-1080.9893476559919,-1027.3804608271194,125000.0,125000.0
AM,AM,0.9999889135360718,10.0,10.766666666666667,1393.2657147447198,1302.781030470658,125000.0,125000.0
AM,AM,0.9999949932098389,10.0,10.966666666666667,898.545054740423,990.0621784018695,125000.0,125000.0
AM,AM,0.9999973773956299,10.0,11.2,2337.721779858145,2222.011828860415,125000.0,125000.0
AM,AM,0.9997499585151672,10.0,9.516666666666667,2939.3270376176224,2752.9974026650016,142857.14285714287,142857.14285714287
AM,AM,0.9991717338562012,10.0,9.883333333333333,2108.694607755844,2031.0718704475994,142857.14285714287,142857.14285714287
AM,AM,0.9999892711639404,10.0,9.916666666666666,425.3854906100987,494.62419779777673,142857.14285714287,200000.0
AM,AM,0.9999903440475464,10.0,9.383333333333333,-2559.419822475286,-2562.076282713433,142857.14285714287,142857.14285714287
AM,AM,0.999995231628418,10.0,9.7,-1101.9639524961108,-1106.11961178409,142857.14285714287,142857.14285714287
AM,AM,0.999943733215332,10.0,9.9,60.19682543949557,64.83146250432607,200000.0,200000.0
AM,AM,0.9999785423278809,10.0,11.016666666666667,2938.689201256444,2614.695057161416,200000.0,200000.0
AM,AM,0.9999710321426392,10.0,9.85,2427.434846091066,2283.4759590144295,200000.0,200000.0
AM,AM,0.9998855590820312,10.0,9.9,1935.608016419499,1860.290236049808,200000.0,200000.0
AM,AM,0.9999960660934448,10.0,10.066666666666666,29.15878600380438,55.95242614944955,200000.0,200000.0
AM,AM,0.9999884366989136,15.0,17.6,285.1019685089809,160.32559684911118,50000.0,50000.0
AM,AM,0.9999841451644897,15.0,15.066666666666666,813.4844144225735,898.0321696287164,50000.0,50000.0
AM,AM,0.9999942779541016,15.0,18.833333333333332,-2744.867758568868,-2698.233195721131,50000.0,50000.0
AM,AM,0.9999916553497314,15.0,19.066666666666666,-2496.365606673505,-2499.583878084388,50000.0,50000.0
AM,AM,0.9999803304672241,15.0,16.5,-2023.9983618147428,-2021.1950157114852,50000.0,50000.0
AM,AM,0.9999947547912598,15.0,17.966666666666665,-2447.2689922794066,-2507.7519469841295,76923.07692307692,76923.07692307692
AM,AM,0.9999837875366211,15.0,15.55,-1549.466543072632,-1562.6512779058874,76923.07692307692,76923.07692307692
AM,AM,0.9999957084655762,15.0,15.766666666666667,1499.4795080025297,1386.4501157216616,76923.07692307692,76923.07692307692
AM,AM,0.9999946355819702,15.0,15.4,-332.4846949103835,-281.9261066612517,76923.07692307692,76923.07692307692
AM,AM,0.9999914169311523,15.0,15.116666666666667,1426.168465135731,1384.5975280682067,76923.07692307692,76923.07692307692
AM,AM,0.9999970197677612,15.0,15.866666666666667,-242.59955527669126,-101.45342731116526,100000.0,100000.0
AM,AM,0.9999951124191284,15.0,15.466666666666667,-913.271935268629,-988.0818029646376,100000.0,100000.0
AM,AM,0.9999880790710449,15.0,16.25,-1514.7902680176098,-1572.431229017382,100000.0,100000.0
AM,AM,0.9999966621398926,15.0,15.783333333333333,-1582.6084078744136,-1585.1974278630978,100000.0,100000.0
AM,AM,0.9999992847442627,15.0,17.683333333333334,-1293.1053490824731,-1210.1245704413034,100000.0,100000.0
AM,AM,0.9999960660934448,15.0,15.583333333333334,360.8907728197237,392.3067054277278,125000.0,125000.0
AM,AM,0.9999808073043823,15.0,15.25,2595.457160122972,2636.803529885647,125000.0,125000.0
AM,AM,0.9999850988388062,15.0,16.5,-1272.8010695327328,-1206.61808929123,125000.0,125000.0
AM,AM,0.9999949932098389,15.0,15.75,779.5417314425781,832.607867827885,125000.0,125000.0
AM,AM,0.9999961853027344,15.0,15.1,2685.806863560164,2634.2879855362235,125000.0,142857.14285714287
AM,AM,0.9999508857727051,15.0,15.166666666666666,-175.6622968858478,-118.27525543859969,142857.14285714287,142857.14285714287
AM,AM,0.9999797344207764,15.0,15.9,-568.3818884793823,-541.5068859852362,142857.14285714287,142857.14285714287
AM,AM,0.9999868869781494,15.0,15.716666666666667,-2867.278012934234,-2862.870752526134,142857.14285714287,142857.14285714287
AM,AM,0.9999880790710449,15.0,10.066666666666666,1419.9068923804216,1257.0581057770473,142857.14285714287,142857.14285714287
AM,AM,0.9997462630271912,15.0,17.166666666666668,2338.838697112067,2299.6985921333066,142857.14285714287,142857.14285714287
AM,AM,0.9999713897705078,15.0,14.8,-2879.8227803217374,-2825.6812360834865,200000.0,200000.0
AM,AM,0.9999843835830688,15.0,15.35,-568.0169743002202,-585.6822843011021,200000.0,200000.0
AM,AM,0.9999756813049316,15.0,16.166666666666668,-2585.546542078091,-2569.8040171253915,200000.0,200000.0
AM,AM,0.9998973608016968,15.0,14.216666666666667,-534.8529787874872,-587.7974394868531,200000.0,200000.0
AM,AM,0.9999223947525024,15.0,15.033333333333333,451.3612188917641,361.7807970683035,200000.0,200000.0
AM,AM,0.9999898672103882,20.0,19.733333333333334,-1205.7144346692203,-1161.8433361268687,50000.0,50000.0
AM,AM,0.9999630451202393,20.0,19.8,1961.776598027809,1981.7169514176942,50000.0,50000.0
AM,AM,0.999920129776001,20.0,14.966666666666667,-2116.8692438518437,-2143.226122768959,50000.0,50000.0
AM,AM,0.9999680519104004,20.0,18.866666666666667,-2154.7740603917855,-2073.6305774683715,50000.0,50000.0
AM,AM,0.9990177154541016,20.0,17.65,-2289.7549351025045,-2294.5729188020186,50000.0,50000.0
AM,AM,0.9999774694442749,20.0,19.45,1729.6800538991401,1774.5035314341333,76923.07692307692,76923.07692307692
AM,AM,0.9999979734420776,20.0,19.166666666666668,1708.3668223331615,1739.5691736794377,76923.07692307692,76923.07692307692
AM,AM,0.9999630451202393,20.0,18.616666666666667,-1923.3961431009259,-1988.666233796061,76923.07692307692,76923.07692307692
AM,AM,0.9999902248382568,20.0,18.8,-2849.3275767089117,-2784.4079366184105,76923.07692307692,76923.07692307692
AM,AM,0.9999982118606567,20.0,18.733333333333334,2499.3125168570077,2408.1799885297387,76923.07692307692,76923.07692307692
AM,AM,0.9999967813491821,20.0,19.633333333333333,-1037.735279355847,-1046.301518301329,100000.0,100000.0
AM,AM,0.9999948740005493,20.0,18.383333333333333,2563.3791650701105,2577.127120779619,100000.0,100000.0
AM,AM,0.9999858140945435,20.0,18.4,2550.5690112780067,2600.9030187599615,100000.0,100000.0
AM,AM,0.9999969005584717,20.0,19.1,-1012.9048643903568,-971.390168226564,100000.0,100000.0
AM,AM,0.999994158744812,20.0,18.466666666666665,-1616.7126664864081,-1540.0058998573948,100000.0,100000.0
AM,AM,0.9999934434890747,20.0,19.616666666666667,-1598.8787608330313,-1598.5853994596253,125000.0,125000.0
AM,AM,0.999990701675415,20.0,18.65,-1536.218102935558,-1483.7951930252582,125000.0,125000.0
AM,AM,0.9999915361404419,20.0,19.183333333333334,-2640.822036704212,-2675.345617705447,125000.0,50000.0
AM,AM,0.9999682903289795,20.0,14.966666666666667,-1866.151177182187,-1817.7697583411023,125000.0,125000.0
AM,AM,0.9999785423278809,20.0,16.05,-2777.595027648132,-2768.4582790825584,125000.0,125000.0
AM,AM,0.9999699592590332,20.0,19.583333333333332,2521.450347634981,2578.7236557793485,142857.14285714287,142857.14285714287
AM,AM,0.9998432397842407,20.0,19.266666666666666,2689.408879079283,2709.3168526188656,142857.14285714287,125000.0
AM,AM,0.9999802112579346,20.0,18.516666666666666,-940.1918550517244,-907.4600245039376,142857.14285714287,142857.14285714287
AM,AM,0.9999854564666748,20.0,18.616666666666667,2848.5304498179594,2782.082337249069,142857.14285714287,142857.14285714287
AM,AM,0.9999949932098389,20.0,17.95,-1058.390228894452,-994.5418326886202,142857.14285714287,142857.14285714287
AM,AM,0.9999812841415405,20.0,17.716666666666665,520.6517933985301,364.8909046917708,200000.0,200000.0
AM,AM,0.9999585151672363,20.0,17.683333333333334,-1941.193870798834,-1930.0254639090638,200000.0,200000.0
AM,AM,0.9999195337295532,20.0,19.033333333333335,1619.6073254934163,1645.8441491884043,200000.0,200000.0
AM,AM,0.9997641444206238,20.0,16.05,-1073.6880087271104,-1002.9939440758832,200000.0,142857.14285714287
AM,AM,0.9999560117721558,20.0,16.8,-287.92274983504694,-224.54657769372108,200000.0,200000.0
FM,FM,0.9574097394943237,-10.0,-9.733333333333333,-2223.3998503262246,-1757.254643917112,50000.0,125000.0
FM,FM,0.5995669960975647,-10.0,-8.55,-2297.3262774818427,-1797.8091092485122,50000.0,142857.14285714287
FM,AM,0.8092494606971741,-10.0,-9.916666666666666,-542.0852481642028,-969.7477104607818,50000.0,76923.07692307692
FM,FM,0.9861837029457092,-10.0,-9.65,-2566.710490078305,-2389.978265482173,50000.0,50000.0
FM,AM,0.9857760071754456,-10.0,-10.0,-2137.581605118562,-1755.8916619354368,50000.0,50000.0
FM,FM,0.9617330431938171,-10.0,-9.733333333333333,1475.6528597939605,1042.2643520347028,76923.07692307692,76923.07692307692
FM,FM,0.9696979522705078,-10.0,-9.816666666666666,2226.942480604198,2047.3464700768372,76923.07692307692,142857.14285714287
FM,AM,0.907233476638794,-10.0,-9.966666666666667,-515.1381772586983,-855.5316426682494,76923.07692307692,125000.0
FM,AM,0.5998988151550293,-10.0,-10.0,2396.8842853334536,2012.4316080663907,76923.07692307692,76923.07692307692
FM,AM,0.6727679371833801,-10.0,-9.9,741.3428127369525,1147.9810781562003,76923.07692307692,142857.14285714287
FM,FM,0.96323561668396,-10.0,-9.6,1323.6954662329072,1045.608514867462,100000.0,50000.0
FM,FM,0.9961581826210022,-10.0,-8.116666666666667,2932.2927071809418,2270.281006456758,100000.0,50000.0
FM,FM,0.6440384984016418,-10.0,-9.833333333333334,-2624.5031143477486,-1930.25297941434,100000.0,76923.07692307692
FM,FM,0.697549045085907,-10.0,-9.833333333333334,2919.4350563443713,2016.6329842828213,100000.0,125000.0
FM,AM,0.9254046678543091,-10.0,-5.133333333333334,394.1495755407809,60.33751847303043,100000.0,76923.07692307692
FM,AM,0.9808830618858337,-10.0,-9.9,2650.216882296373,2007.4505684399455,125000.0,100000.0
FM,FM,0.9862974882125854,-10.0,-9.933333333333334,2459.0142320528103,1905.6966537238952,125000.0,50000.0
FM,AM,0.7591121792793274,-10.0,-9.583333333333334,-2828.0067207466177,-1756.8948271906638,125000.0,50000.0
FM,FM,0.7673091292381287,-10.0,-9.916666666666666,-553.2945156291121,-1122.8218545640011,125000.0,142857.14285714287
FM,AM,0.6298308372497559,-10.0,-9.933333333333334,-468.0477624379837,-944.7434521332324,125000.0,50000.0
FM,FM,0.9922640323638916,-10.0,-9.933333333333334,1146.0790206244874,1141.226866737784,142857.14285714287,50000.0
FM,FM,0.5913137197494507,-10.0,-9.916666666666666,1055.9824076153732,1062.8566876793864,142857.14285714287,50000.0
FM,FM,0.9398193955421448,-10.0,-9.9,-1314.62570015249,-730.6735190458527,142857.14285714287,50000.0
FM,FM,0.9152452349662781,-10.0,-9.533333333333333,2655.0086246447145,1853.0436567527154,142857.14285714287,50000.0
FM,FM,0.8676708340644836,-10.0,-9.933333333333334,-436.7870797923015,-859.9959264191898,142857.14285714287,76923.07692307692
FM,FM,0.9971292614936829,-10.0,-9.616666666666667,851.9347007043589,1224.3944307656814,200000.0,50000.0
FM,FM,0.5937536358833313,-10.0,-9.95,-1540.2370572095792,-1686.42301736762,200000.0,50000.0
FM,FM,0.7004460692405701,-10.0,-10.0,-761.4758175839779,-711.811710292216,200000.0,76923.07692307692
FM,FM,0.5745936632156372,-10.0,-9.716666666666667,2028.301160983694,2049.995921698396,200000.0,50000.0
FM,AM,0.6639658808708191,-10.0,-9.766666666666667,2141.4016474527443,2113.887079258861,200000.0,50000.0
FM,FM,0.9999912977218628,-5.0,-4.7,-2979.438829226681,-2668.275248362537,50000.0,50000.0
FM,FM,0.999984622001648,-5.0,-5.0,2479.2441639102826,2096.7887904547206,50000.0,125000.0
FM,FM,0.9999978542327881,-5.0,-5.033333333333333,586.6808552206057,711.8396396677359,50000.0,76923.07692307692
FM,FM,0.9999665021896362,-5.0,-5.0,-669.7106946221215,-1138.4137322976674,50000.0,200000.0
FM,FM,0.9999979734420776,-5.0,-5.016666666666667,-1782.3977294422536,-1652.0026862128643,50000.0,125000.0
FM,FM,0.9999834299087524,-5.0,-4.816666666666666,-1759.1824161100687,-1955.611587150071,76923.07692307692,125000.0
FM,FM,0.9999977350234985,-5.0,-5.033333333333333,-1310.3410463582393,-1247.2979954221394,76923.07692307692,200000.0
FM,FM,0.9999732971191406,-5.0,-5.45,1533.7502348490889,1129.1462186862532,76923.07692307692,125000.0
FM,FM,0.9999251365661621,-5.0,-5.1,255.914442567896,-239.34176423432845,76923.07692307692,76923.07692307692
FM,FM,0.99994957447052,-5.0,-5.0,-79.49785526624282,-92.61048112751543,76923.07692307692,200000.0
FM,FM,0.9999058246612549,-5.0,-5.016666666666667,2982.31343505911,2541.34545052286,100000.0,125000.0
FM,FM,0.9999582767486572,-5.0,-4.85,5.448898776266105,-430.056223812361,100000.0,50000.0
FM,FM,0.9999346733093262,-5.0,-5.016666666666667,-2954.7803300503265,-2563.3799865777996,100000.0,200000.0
FM,FM,0.9999972581863403,-5.0,-4.866666666666666,1578.9187650417334,1782.1942672869145,100000.0,200000.0
FM,FM,0.9997742772102356,-5.0,-5.0,-2539.1998957791393,-2541.951553577235,100000.0,76923.07692307692
FM,FM,0.9999971389770508,-5.0,-5.05,-2218.943130825721,-1917.4526136184822,125000.0,200000.0
FM,FM,0.9999784231185913,-5.0,-5.0,-420.1608759051487,-886.3069413333878,125000.0,100000.0
FM,FM,0.9999673366546631,-5.0,-5.0,406.04418957814414,315.12955179901905,125000.0,100000.0
FM,FM,0.9999984502792358,-5.0,-5.033333333333333,2700.7247355886793,2606.638413984659,125000.0,76923.07692307692
FM,FM,0.9997660517692566,-5.0,-5.016666666666667,-2682.31515831774,-2520.9457674646806,125000.0,50000.0
FM,FM,0.9999994039535522,-5.0,-5.35,1733.3846351158463,1720.3629243976518,142857.14285714287,142857.14285714287
FM,FM,0.9999275207519531,-5.0,-4.75,924.9107518449564,1149.7824396672725,142857.14285714287,200000.0
FM,FM,0.9998266100883484,-5.0,-5.016666666666667,2444.582419961741,2081.9140969531295,142857.14285714287,76923.07692307692
FM,FM,0.9996078610420227,-5.0,-5.116666666666666,2900.4252453040726,2672.1640147738917,142857.14285714287,142857.14285714287
FM,FM,0.9999923706054688,-5.0,-4.866666666666666,446.7978478223322,-150.68176795206253,142857.14285714287,76923.07692307692
FM,FM,0.9999381303787231,-5.0,-5.083333333333333,-2910.2848881066943,-2600.9404322861196,200000.0,200000.0
FM,FM,0.9999357461929321,-5.0,-4.983333333333333,-1312.1524501047854,-1241.2550674080614,200000.0,142857.14285714287
FM,FM,0.9999727010726929,-5.0,-5.133333333333334,-2628.882020975643,-2292.8018609046417,200000.0,200000.0
FM,FM,0.9999864101409912,-5.0,-4.983333333333333,-2728.256960334545,-2204.8810717618985,200000.0,125000.0
FM,FM,0.9999438524246216,-5.0,-5.033333333333333,780.0083721081646,1016.7271937139938,200000.0,125000.0
FM,FM,0.9999990463256836,0.0,0.0,-499.0692060585243,-592.5416950964486,50000.0,50000.0
FM,FM,0.9999984502792358,0.0,0.03333333333333333,933.5593396299214,951.3534966412714,50000.0,76923.07692307692
FM,FM,0.9999991655349731,0.0,0.2,-865.9847172849804,-968.4438934793101,50000.0,200000.0
FM,FM,0.9999971389770508,0.0,0.016666666666666666,-2337.6860689584028,-2279.7779766724198,50000.0,50000.0
FM,FM,0.9999992847442627,0.0,0.016666666666666666,-2851.064115133819,-2669.561962203048,50000.0,100000.0
FM,FM,0.9998549222946167,0.0,0.38333333333333336,-49.66206317709157,-34.81988882849978,76923.07692307692,76923.07692307692
FM,FM,0.9999972581863403,0.0,0.016666666666666666,1390.0765901928116,1156.7490632941317,76923.07692307692,76923.07692307692
FM,FM,0.999991774559021,0.0,0.0,2903.8409011891963,2843.314527221437,76923.07692307692,142857.14285714287
FM,FM,0.9999955892562866,0.0,-0.016666666666666666,1241.401698634716,1179.2503930099633,76923.07692307692,76923.07692307692
FM,FM,0.9999943971633911,0.0,0.016666666666666666,1561.3637745445203,1638.675420350056,76923.07692307692,76923.07692307692
FM,FM,0.9999911785125732,0.0,0.0,-2893.5427208177766,-2813.116543827845,100000.0,200000.0
FM,FM,0.9999986886978149,0.0,0.0,1590.6917648383433,1655.1865765229638,100000.0,76923.07692307692
FM,FM,0.999997615814209,0.0,0.0,2599.6120780999127,2657.9810350541757,100000.0,200000.0
FM,FM,0.9999984502792358,0.0,0.06666666666666667,-1881.7790689348442,-1879.8099358559004,100000.0,100000.0
FM,FM,0.9999983310699463,0.0,0.0,-2024.2415625924427,-1959.008482692831,100000.0,200000.0
FM,FM,0.9999973773956299,0.0,0.03333333333333333,-2614.1745575209256,-2719.851791468782,125000.0,100000.0
FM,FM,0.9999961853027344,0.0,0.016666666666666666,-1054.9873774546654,-1023.5147818600501,125000.0,76923.07692307692
FM,FM,0.9999992847442627,0.0,0.0,195.91051786742128,95.78248041312715,125000.0,50000.0
FM,FM,0.9999971389770508,0.0,0.016666666666666666,-1916.9965548020132,-1892.8977571025139,125000.0,50000.0
FM,FM,0.9999982118606567,0.0,0.0,1814.7833730684515,1906.8388469339354,125000.0,125000.0
FM,FM,0.9999762773513794,0.0,0.11666666666666667,-1282.1369904471087,-1123.32082783376,142857.14285714287,50000.0
FM,FM,0.999998927116394,0.0,0.25,1594.3076349687062,1664.7587920747121,142857.14285714287,50000.0
FM,FM,0.9999996423721313,0.0,0.6666666666666666,-264.7344854629373,-246.74413478242266,142857.14285714287,100000.0
FM,FM,0.9999898672103882,0.0,0.06666666666666667,2503.0720681593366,2287.1678508765876,142857.14285714287,100000.0
FM,FM,0.9999933242797852,0.0,0.016666666666666666,2021.6312339424594,1935.1459159632404,142857.14285714287,142857.14285714287
FM,FM,0.9999947547912598,0.0,0.5333333333333333,1727.9323677866296,1839.3750177935822,200000.0,76923.07692307692
FM,FM,0.9999971389770508,0.0,0.4,-1887.331811259827,-1814.9039606944134,200000.0,142857.14285714287
FM,FM,0.9999980926513672,0.0,0.016666666666666666,-1506.6965822580585,-1428.0949759974253,200000.0,142857.14285714287
FM,FM,0.9999994039535522,0.0,0.05,-462.18063473174016,-414.4187027258206,200000.0,76923.07692307692
FM,FM,0.9999990463256836,0.0,0.0,-1052.6980829731294,-994.9460631797147,200000.0,50000.0
FM,FM,0.9999983310699463,5.0,5.333333333333333,1960.8942497226535,1989.1586989792495,50000.0,50000.0
FM,FM,0.999997615814209,5.0,5.05,2698.2827695386695,2673.2175092590055,50000.0,142857.14285714287
FM,FM,0.9999985694885254,5.0,5.016666666666667,-1326.209874555134,-1244.5043519504416,50000.0,142857.14285714287
FM,FM,0.9999958276748657,5.0,5.016666666666667,-2075.6956442375,-2062.5963492484475,50000.0,76923.07692307692
FM,FM,0.9999974966049194,5.0,5.0,93.71641939509664,125.27403319957894,50000.0,200000.0
FM,FM,0.9999967813491821,5.0,5.033333333333333,2405.3807282170364,2381.5608879660426,76923.07692307692,142857.14285714287
FM,FM,0.9999983310699463,5.0,5.116666666666666,347.6341081089854,322.8191034033679,76923.07692307692,142857.14285714287
FM,FM,0.9999961853027344,5.0,5.016666666666667,2704.673782891273,2770.1119850905748,76923.07692307692,50000.0
FM,FM,0.9999978542327881,5.0,5.016666666666667,2048.1546702310015,2006.7832345774011,76923.07692307692,76923.07692307692
FM,FM,0.9999983310699463,5.0,5.0,1587.2797975038084,1660.2573023952461,76923.07692307692,125000.0
FM,FM,0.9999967813491821,5.0,5.016666666666667,-723.4563852467245,-898.0077140660044,100000.0,200000.0
FM,FM,0.9999970197677612,5.0,5.033333333333333,2196.284176889558,2207.6684115007497,100000.0,100000.0
FM,FM,0.9999980926513672,5.0,5.066666666666666,-687.9222827025987,-642.202366211663,100000.0,200000.0
FM,FM,0.9999980926513672,5.0,5.566666666666666,-497.62629791122436,-562.9658576249293,100000.0,142857.14285714287
FM,FM,0.9999974966049194,5.0,5.25,146.95927118422333,135.04953799722819,100000.0,76923.07692307692
FM,FM,0.9999971389770508,5.0,5.05,-1760.2687456884005,-1747.1379254814078,125000.0,200000.0
FM,FM,0.9999985694885254,5.0,5.0,1053.827882669019,1028.6712982713227,125000.0,76923.07692307692
FM,FM,0.9999985694885254,5.0,5.0,-353.6470272757315,-205.6122196180857,125000.0,100000.0
FM,FM,0.9999990463256836,5.0,5.033333333333333,782.6978246018216,807.6836446766854,125000.0,200000.0
FM,FM,0.9999979734420776,5.0,5.0,-1145.5584543246177,-1146.4945869621647,125000.0,142857.14285714287
FM,FM,0.9999957084655762,5.0,5.1,-2298.9511511698897,-2255.1496645946595,142857.14285714287,50000.0
FM,FM,0.9999977350234985,5.0,5.1,-651.5225765336049,-646.2523410442379,142857.14285714287,50000.0
FM,FM,0.9999955892562866,5.0,5.0,-2166.8953751004983,-2161.6561882921133,142857.14285714287,100000.0
FM,FM,0.9999978542327881,5.0,5.233333333333333,1203.5616101173746,1190.4383911521625,142857.14285714287,142857.14285714287
FM,FM,0.9999971389770508,5.0,5.033333333333333,1446.7975987213804,1390.035235392832,142857.14285714287,125000.0
FM,FM,0.9999949932098389,5.0,6.333333333333333,-2805.096012772139,-2709.9561525002687,200000.0,100000.0
FM,FM,0.9999977350234985,5.0,5.0,-1439.993448852881,-1540.8805945392262,200000.0,142857.14285714287
FM,FM,0.9999963045120239,5.0,5.083333333333333,-2376.732309603097,-2431.5414729151225,200000.0,76923.07692307692
FM,FM,0.9999982118606567,5.0,5.0,580.443697340073,699.9426943067743,200000.0,50000.0
FM,FM,0.9999966621398926,5.0,5.066666666666666,826.4574423537038,1014.4500323104158,200000.0,50000.0
FM,FM,0.9999971389770508,10.0,10.083333333333334,2539.44335432953,2563.9484800327714,50000.0,200000.0
FM,FM,0.9999959468841553,10.0,10.0,-2378.61873449876,-2384.8521345283098,50000.0,50000.0
FM,FM,0.9999958276748657,10.0,10.066666666666666,-1249.9771064245363,-1217.1426011134029,50000.0,100000.0
FM,FM,0.999997615814209,10.0,10.033333333333333,1325.4207686454483,1323.4566237613801,50000.0,200000.0
FM,FM,0.9999970197677612,10.0,10.016666666666667,1641.7257984143362,1631.5387783977378,50000.0,200000.0
FM,FM,0.9999943971633911,10.0,10.033333333333333,-1424.5372369619656,-1452.9334023550418,76923.07692307692,100000.0
FM,FM,0.999997615814209,10.0,10.483333333333333,-264.10210681540184,-254.06234260864193,76923.07692307692,100000.0
FM,FM,0.9999959468841553,10.0,10.0,-1980.1195792528715,-1960.2539740736613,76923.07692307692,100000.0
FM,FM,0.9999973773956299,10.0,11.733333333333333,142.56692761005252,86.63825676044603,76923.07692307692,125000.0
FM,FM,0.9999978542327881,10.0,10.0,1598.379075879464,1603.2451689699342,76923.07692307692,142857.14285714287
FM,FM,0.9999972581863403,10.0,10.0,154.55556880774202,187.01080292153816,100000.0,50000.0
FM,FM,0.9999978542327881,10.0,10.0,92.46724634193515,91.20578774899332,100000.0,142857.14285714287
FM,FM,0.9999974966049194,10.0,10.0,-936.4572683825077,-938.3624505719142,100000.0,50000.0
FM,FM,0.9999938011169434,10.0,9.983333333333333,-2867.229307323173,-2828.8148526715086,100000.0,50000.0
FM,FM,0.9999966621398926,10.0,10.0,-1122.9873957337522,-1113.132465936015,100000.0,100000.0
FM,FM,0.9999966621398926,10.0,10.0,-1909.1536900590563,-1959.673163261728,125000.0,76923.07692307692
FM,FM,0.9999947547912598,10.0,10.0,-2845.5095846412196,-2850.700781065806,125000.0,50000.0
FM,FM,0.9999979734420776,10.0,10.0,1447.137840725005,1433.2705846668055,125000.0,76923.07692307692
FM,FM,0.9999967813491821,10.0,10.0,-1344.0499424442726,-1316.8069617423275,125000.0,100000.0
FM,FM,0.9999966621398926,10.0,10.0,-264.28150057071707,-252.00187346596263,125000.0,142857.14285714287
FM,FM,0.9999972581863403,10.0,10.0,-968.1117311420305,-935.4578085866539,142857.14285714287,50000.0
FM,FM,0.9999974966049194,10.0,10.0,881.3332396727546,845.3474743742371,142857.14285714287,50000.0
FM,FM,0.9999967813491821,10.0,10.016666666666667,-1354.2261538276357,-1305.177342583149,142857.14285714287,50000.0
FM,FM,0.9999979734420776,10.0,10.033333333333333,-791.8023186016912,-765.9685990823272,142857.14285714287,50000.0
FM,FM,0.9999967813491821,10.0,10.0,2056.450253994436,2068.6863881737822,142857.14285714287,50000.0
FM,FM,0.9999974966049194,10.0,10.0,1429.1914307914894,1435.9538189123912,200000.0,125000.0
FM,FM,0.9999967813491821,10.0,10.1,-895.0754644625417,-896.3257867554167,200000.0,125000.0
FM,FM,0.9999979734420776,10.0,11.2,1666.7249629611879,1717.6321019893667,200000.0,76923.07692307692
FM,FM,0.9999973773956299,10.0,10.0,-829.3263096045262,-850.9403525101192,200000.0,76923.07692307692
FM,FM,0.9999946355819702,10.0,10.0,-2251.4894373284997,-2279.0822883059013,200000.0,100000.0
FM,FM,0.9999972581863403,15.0,15.0,-81.45790763835566,-50.79770627693797,50000.0,76923.07692307692
FM,FM,0.9999961853027344,15.0,15.0,-1337.7752636687073,-1329.5811757467045,50000.0,125000.0
FM,FM,0.9999951124191284,15.0,16.733333333333334,-2282.6132567648538,-2298.1395009991647,50000.0,125000.0
FM,FM,0.9999949932098389,15.0,15.016666666666667,-2466.673761942175,-2469.590724728605,50000.0,142857.14285714287
FM,FM,0.9999959468841553,15.0,15.0,-2323.579106186725,-2312.8028833198077,50000.0,50000.0
FM,FM,0.9999953508377075,15.0,15.0,2842.272508220435,2851.7457312010306,76923.07692307692,50000.0
FM,FM,0.9999974966049194,15.0,15.016666666666667,-669.4680332625226,-654.5886230754684,76923.07692307692,142857.14285714287
FM,FM,0.9999960660934448,15.0,15.0,2944.2245272047967,2950.376160036861,76923.07692307692,50000.0
FM,FM,0.9999970197677612,15.0,15.0,2198.748729669879,2195.202251264735,76923.07692307692,76923.07692307692
FM,FM,0.9999963045120239,15.0,15.0,-1417.6006097435227,-1421.3082928530573,76923.07692307692,142857.14285714287
FM,FM,0.9999970197677612,15.0,15.0,-340.4539800899538,-335.960281009232,100000.0,100000.0
FM,FM,0.9999982118606567,15.0,15.0,984.2468494445361,962.8930144311286,100000.0,142857.14285714287
FM,FM,0.9999958276748657,15.0,15.0,-1756.8504836824661,-1761.0846770090877,100000.0,125000.0
FM,FM,0.9999969005584717,15.0,15.0,-1812.4172164010517,-1827.7055721602437,100000.0,50000.0
FM,FM,0.9999979734420776,15.0,15.0,293.1915868999804,273.82023148034136,100000.0,76923.07692307692
FM,FM,0.9999973773956299,15.0,15.65,380.3439784556008,377.3293902872057,125000.0,76923.07692307692
FM,FM,0.9999971389770508,15.0,15.033333333333333,-601.315564355059,-625.1142317298651,125000.0,142857.14285714287
FM,FM,0.9999977350234985,15.0,15.0,724.7916148771355,729.3483069675362,125000.0,200000.0
FM,FM,0.9999959468841553,15.0,15.0,-2332.618349091747,-2336.2818623442586,125000.0,125000.0
FM,FM,0.9999974966049194,15.0,15.0,1560.8311242302361,1575.7906076884674,125000.0,142857.14285714287
FM,FM,0.999996542930603,15.0,15.016666666666667,438.5412060323306,418.850957876027,142857.14285714287,100000.0
FM,FM,0.9999971389770508,15.0,15.0,-176.09302123410134,-166.36022230439323,142857.14285714287,76923.07692307692
FM,FM,0.9999955892562866,15.0,15.25,-2079.8676422020226,-2080.6711878508822,142857.14285714287,125000.0
FM,FM,0.9999972581863403,15.0,16.216666666666665,-499.6731453341213,-497.4023065808139,142857.14285714287,50000.0
FM,FM,0.9999974966049194,15.0,15.0,943.1564529057468,939.4619772815704,142857.14285714287,125000.0
FM,FM,0.9999980926513672,15.0,15.283333333333333,-428.76000512895325,-437.0078390787064,200000.0,76923.07692307692
FM,FM,0.9999963045120239,15.0,15.0,-2017.1748691431408,-2034.3354785068898,200000.0,125000.0
FM,FM,0.9999974966049194,15.0,15.0,2890.245371717101,2897.3897840018735,200000.0,50000.0
FM,FM,0.9999974966049194,15.0,15.516666666666667,-381.8292212107499,-374.012084808631,200000.0,76923.07692307692
FM,FM,0.9999946355819702,15.0,15.016666666666667,-2467.4074586104434,-2462.189243245343,200000.0,50000.0
FM,FM,0.999996542930603,20.0,20.0,-1499.6751282957518,-1427.0695921278123,50000.0,76923.07692307692
FM,FM,0.9999961853027344,20.0,20.0,-1923.4674354944532,-1931.0594182908599,50000.0,76923.07692307692
FM,FM,0.9999963045120239,20.0,20.0,-2021.5873372546516,-2021.574470687643,50000.0,200000.0
FM,FM,0.9999973773956299,20.0,20.0,-221.65632888094524,-224.6826542033373,50000.0,76923.07692307692
FM,FM,0.9999977350234985,20.0,20.0,468.27612033245214,460.7371592150734,50000.0,76923.07692307692
FM,FM,0.9999972581863403,20.0,20.0,-989.2978186835708,-974.532992169509,76923.07692307692,200000.0
FM,FM,0.9999964237213135,20.0,20.0,2113.7343862373255,2102.8127715523706,76923.07692307692,100000.0
FM,FM,0.9999969005584717,20.0,20.0,2246.7884902800424,2245.801013787868,76923.07692307692,200000.0
FM,FM,0.9999973773956299,20.0,20.0,1748.2668528229087,1753.391164402183,76923.07692307692,76923.07692307692
FM,FM,0.9999969005584717,20.0,20.0,38.35115557472682,44.191617921600326,76923.07692307692,50000.0
FM,FM,0.9999971389770508,20.0,20.0,1999.0419548784057,2006.3988623505004,100000.0,50000.0
FM,FM,0.9999967813491821,20.0,20.0,1477.6994847757742,1477.3787474769933,100000.0,142857.14285714287
FM,FM,0.9999945163726807,20.0,20.0,-2627.084988432041,-2619.655832213502,100000.0,100000.0
FM,FM,0.9999971389770508,20.0,20.0,940.8228727061874,936.7818234613858,100000.0,142857.14285714287
FM,FM,0.9999972581863403,20.0,20.0,40.26582203288126,49.12912997691676,100000.0,50000.0
FM,FM,0.9999978542327881,20.0,20.0,239.4305525583468,237.22360446604284,125000.0,50000.0
FM,FM,0.9999967813491821,20.0,20.0,-1247.0418644197207,-1233.9580939685206,125000.0,142857.14285714287
FM,FM,0.9999970197677612,20.0,20.0,1371.303698562947,1375.020977486564,125000.0,100000.0
FM,FM,0.9999943971633911,20.0,20.0,-2937.5534581992415,-2939.1364402218924,125000.0,76923.07692307692
FM,FM,0.9999973773956299,20.0,20.0,2588.666073568722,2599.397467527641,125000.0,200000.0
FM,FM,0.9999979734420776,20.0,20.0,339.66004060756904,338.6997341007724,142857.14285714287,76923.07692307692
FM,FM,0.9999971389770508,20.0,20.0,1633.7674137758058,1635.0281899566146,142857.14285714287,200000.0
FM,FM,0.9999977350234985,20.0,20.0,1106.8971261627594,1108.4578912086022,142857.14285714287,100000.0
FM,FM,0.9999964237213135,20.0,20.0,-1203.8732479621237,-1171.8762188635278,142857.14285714287,100000.0
FM,FM,0.9999973773956299,20.0,20.0,-1253.554320343128,-1248.3049576177445,142857.14285714287,200000.0
FM,FM,0.9999957084655762,20.0,20.0,-2473.2218702293367,-2476.7698466737843,200000.0,100000.0
FM,FM,0.9999973773956299,20.0,20.0,1301.1259182849062,1293.454646285868,200000.0,100000.0
FM,FM,0.9999973773956299,20.0,20.0,2439.134489363394,2442.8322826451304,200000.0,125000.0
FM,FM,0.9999977350234985,20.0,20.0,534.3629277869186,530.7107560379716,200000.0,100000.0
FM,FM,0.9999943971633911,20.0,20.0,-2948.7499170578435,-2946.6521103951823,200000.0,125000.0
